 ell ,  cell_TT , 
2 , 2303.21 , 
3 , 2270.65 , 
4 , 2207.73 , 
5 , 2145.54 , 
6 , 2088.18 , 
7 , 2035.73 , 
8 , 1987.38 , 
9 , 1941.02 , 
10 , 1899.95 , 
11 , 1859.6 , 
12 , 1821.36 , 
13 , 1783.01 , 
14 , 1747.45 , 
15 , 1714.72 , 
16 , 1679.87 , 
17 , 1644.83 , 
18 , 1612.64 , 
19 , 1584.24 , 
20 , 1557.9 , 
21 , 1530.3 , 
22 , 1501.9 , 
23 , 1473.98 , 
24 , 1447.18 , 
25 , 1421.38 , 
26 , 1395.98 , 
27 , 1371.31 , 
28 , 1347.72 , 
29 , 1325.12 , 
30 , 1302.98 , 
31 , 1280.58 , 
32 , 1258.22 , 
33 , 1236.42 , 
34 , 1215.63 , 
35 , 1196.15 , 
36 , 1178.18 , 
37 , 1161.74 , 
38 , 1146.7 , 
39 , 1132.77 , 
40 , 1119.43 , 
41 , 1106.14 , 
42 , 1092.96 , 
43 , 1080.09 , 
44 , 1067.7 , 
45 , 1055.93 , 
46 , 1044.88 , 
47 , 1034.63 , 
48 , 1025.2 , 
49 , 1016.56 , 
50 , 1008.65 , 
51 , 1001.38 , 
52 , 994.819 , 
53 , 989.038 , 
54 , 984.096 , 
55 , 980.034 , 
56 , 976.868 , 
57 , 974.587 , 
58 , 973.159 , 
59 , 972.521 , 
60 , 972.582 , 
61 , 973.253 , 
62 , 974.552 , 
63 , 976.522 , 
64 , 979.197 , 
65 , 982.601 , 
66 , 986.75 , 
67 , 991.65 , 
68 , 997.294 , 
69 , 1003.67 , 
70 , 1010.74 , 
71 , 1018.48 , 
72 , 1026.9 , 
73 , 1036.02 , 
74 , 1045.85 , 
75 , 1056.38 , 
76 , 1067.62 , 
77 , 1079.56 , 
78 , 1092.18 , 
79 , 1105.46 , 
80 , 1119.37 , 
81 , 1133.89 , 
82 , 1149 , 
83 , 1164.72 , 
84 , 1181.04 , 
85 , 1197.97 , 
86 , 1215.5 , 
87 , 1233.63 , 
88 , 1252.33 , 
89 , 1271.6 , 
90 , 1291.41 , 
91 , 1311.75 , 
92 , 1332.6 , 
93 , 1353.96 , 
94 , 1375.82 , 
95 , 1398.17 , 
96 , 1421 , 
97 , 1444.3 , 
98 , 1468.03 , 
99 , 1492.2 , 
100 , 1516.76 , 
101 , 1541.69 , 
102 , 1567 , 
103 , 1592.67 , 
104 , 1618.71 , 
105 , 1645.09 , 
106 , 1671.82 , 
107 , 1698.9 , 
108 , 1726.3 , 
109 , 1754.01 , 
110 , 1782.03 , 
111 , 1810.35 , 
112 , 1838.94 , 
113 , 1867.79 , 
114 , 1896.89 , 
115 , 1926.21 , 
116 , 1955.74 , 
117 , 1985.45 , 
118 , 2015.32 , 
119 , 2045.33 , 
120 , 2075.44 , 
121 , 2105.64 , 
122 , 2135.91 , 
123 , 2166.25 , 
124 , 2196.63 , 
125 , 2227.05 , 
126 , 2257.5 , 
127 , 2287.96 , 
128 , 2318.43 , 
129 , 2348.89 , 
130 , 2379.32 , 
131 , 2409.72 , 
132 , 2440.07 , 
133 , 2470.36 , 
134 , 2500.57 , 
135 , 2530.68 , 
136 , 2560.68 , 
137 , 2590.56 , 
138 , 2620.29 , 
139 , 2649.86 , 
140 , 2679.25 , 
141 , 2708.45 , 
142 , 2737.44 , 
143 , 2766.2 , 
144 , 2794.74 , 
145 , 2823.04 , 
146 , 2851.08 , 
147 , 2878.86 , 
148 , 2906.36 , 
149 , 2933.57 , 
150 , 2960.48 , 
151 , 2987.08 , 
152 , 3013.36 , 
153 , 3039.29 , 
154 , 3064.88 , 
155 , 3090.11 , 
156 , 3114.96 , 
157 , 3139.43 , 
158 , 3163.49 , 
159 , 3187.15 , 
160 , 3210.38 , 
161 , 3233.18 , 
162 , 3255.53 , 
163 , 3277.43 , 
164 , 3298.87 , 
165 , 3319.83 , 
166 , 3340.32 , 
167 , 3360.32 , 
168 , 3379.83 , 
169 , 3398.84 , 
170 , 3417.35 , 
171 , 3435.33 , 
172 , 3452.8 , 
173 , 3469.73 , 
174 , 3486.13 , 
175 , 3501.99 , 
176 , 3517.3 , 
177 , 3532.06 , 
178 , 3546.26 , 
179 , 3559.89 , 
180 , 3572.95 , 
181 , 3585.43 , 
182 , 3597.34 , 
183 , 3608.66 , 
184 , 3619.4 , 
185 , 3629.54 , 
186 , 3639.09 , 
187 , 3648.05 , 
188 , 3656.41 , 
189 , 3664.17 , 
190 , 3671.33 , 
191 , 3677.88 , 
192 , 3683.83 , 
193 , 3689.18 , 
194 , 3693.92 , 
195 , 3698.06 , 
196 , 3701.59 , 
197 , 3704.51 , 
198 , 3706.83 , 
199 , 3708.55 , 
200 , 3709.67 , 
201 , 3710.19 , 
202 , 3710.11 , 
203 , 3709.44 , 
204 , 3708.16 , 
205 , 3706.3 , 
206 , 3703.84 , 
207 , 3700.8 , 
208 , 3697.16 , 
209 , 3692.95 , 
210 , 3688.15 , 
211 , 3682.78 , 
212 , 3676.84 , 
213 , 3670.33 , 
214 , 3663.25 , 
215 , 3655.62 , 
216 , 3647.44 , 
217 , 3638.71 , 
218 , 3629.44 , 
219 , 3619.64 , 
220 , 3609.31 , 
221 , 3598.47 , 
222 , 3587.11 , 
223 , 3575.25 , 
224 , 3562.9 , 
225 , 3550.06 , 
226 , 3536.74 , 
227 , 3522.96 , 
228 , 3508.71 , 
229 , 3494 , 
230 , 3478.84 , 
231 , 3463.24 , 
232 , 3447.21 , 
233 , 3430.75 , 
234 , 3413.86 , 
235 , 3396.57 , 
236 , 3378.87 , 
237 , 3360.77 , 
238 , 3342.3 , 
239 , 3323.44 , 
240 , 3304.22 , 
241 , 3284.65 , 
242 , 3264.73 , 
243 , 3244.47 , 
244 , 3223.9 , 
245 , 3203 , 
246 , 3181.81 , 
247 , 3160.33 , 
248 , 3138.58 , 
249 , 3116.56 , 
250 , 3094.29 , 
251 , 3071.78 , 
252 , 3049.04 , 
253 , 3026.08 , 
254 , 3002.92 , 
255 , 2979.54 , 
256 , 2955.98 , 
257 , 2932.23 , 
258 , 2908.31 , 
259 , 2884.23 , 
260 , 2859.99 , 
261 , 2835.61 , 
262 , 2811.09 , 
263 , 2786.45 , 
264 , 2761.7 , 
265 , 2736.84 , 
266 , 2711.9 , 
267 , 2686.88 , 
268 , 2661.79 , 
269 , 2636.64 , 
270 , 2611.45 , 
271 , 2586.23 , 
272 , 2560.99 , 
273 , 2535.74 , 
274 , 2510.49 , 
275 , 2485.27 , 
276 , 2460.07 , 
277 , 2434.92 , 
278 , 2409.81 , 
279 , 2384.76 , 
280 , 2359.78 , 
281 , 2334.87 , 
282 , 2310.05 , 
283 , 2285.32 , 
284 , 2260.7 , 
285 , 2236.18 , 
286 , 2211.79 , 
287 , 2187.53 , 
288 , 2163.42 , 
289 , 2139.45 , 
290 , 2115.64 , 
291 , 2092 , 
292 , 2068.54 , 
293 , 2045.28 , 
294 , 2022.21 , 
295 , 1999.35 , 
296 , 1976.71 , 
297 , 1954.3 , 
298 , 1932.13 , 
299 , 1910.21 , 
300 , 1888.55 , 
301 , 1867.16 , 
302 , 1846.04 , 
303 , 1825.21 , 
304 , 1804.66 , 
305 , 1784.4 , 
306 , 1764.44 , 
307 , 1744.77 , 
308 , 1725.41 , 
309 , 1706.35 , 
310 , 1687.61 , 
311 , 1669.18 , 
312 , 1651.07 , 
313 , 1633.28 , 
314 , 1615.82 , 
315 , 1598.69 , 
316 , 1581.9 , 
317 , 1565.44 , 
318 , 1549.32 , 
319 , 1533.55 , 
320 , 1518.12 , 
321 , 1503.04 , 
322 , 1488.32 , 
323 , 1473.95 , 
324 , 1459.94 , 
325 , 1446.29 , 
326 , 1433.01 , 
327 , 1420.09 , 
328 , 1407.53 , 
329 , 1395.35 , 
330 , 1383.54 , 
331 , 1372.1 , 
332 , 1361.04 , 
333 , 1350.36 , 
334 , 1340.05 , 
335 , 1330.12 , 
336 , 1320.58 , 
337 , 1311.41 , 
338 , 1302.63 , 
339 , 1294.23 , 
340 , 1286.22 , 
341 , 1278.59 , 
342 , 1271.35 , 
343 , 1264.49 , 
344 , 1258.02 , 
345 , 1251.93 , 
346 , 1246.23 , 
347 , 1240.91 , 
348 , 1235.97 , 
349 , 1231.42 , 
350 , 1227.26 , 
351 , 1223.47 , 
352 , 1220.07 , 
353 , 1217.04 , 
354 , 1214.39 , 
355 , 1212.12 , 
356 , 1210.22 , 
357 , 1208.69 , 
358 , 1207.52 , 
359 , 1206.73 , 
360 , 1206.3 , 
361 , 1206.22 , 
362 , 1206.51 , 
363 , 1207.15 , 
364 , 1208.13 , 
365 , 1209.47 , 
366 , 1211.15 , 
367 , 1213.16 , 
368 , 1215.52 , 
369 , 1218.2 , 
370 , 1221.2 , 
371 , 1224.53 , 
372 , 1228.18 , 
373 , 1232.13 , 
374 , 1236.39 , 
375 , 1240.95 , 
376 , 1245.8 , 
377 , 1250.94 , 
378 , 1256.37 , 
379 , 1262.07 , 
380 , 1268.04 , 
381 , 1274.27 , 
382 , 1280.76 , 
383 , 1287.49 , 
384 , 1294.47 , 
385 , 1301.68 , 
386 , 1309.11 , 
387 , 1316.76 , 
388 , 1324.63 , 
389 , 1332.69 , 
390 , 1340.95 , 
391 , 1349.39 , 
392 , 1358 , 
393 , 1366.78 , 
394 , 1375.71 , 
395 , 1384.79 , 
396 , 1394.01 , 
397 , 1403.35 , 
398 , 1412.81 , 
399 , 1422.37 , 
400 , 1432.02 , 
401 , 1441.76 , 
402 , 1451.58 , 
403 , 1461.47 , 
404 , 1471.44 , 
405 , 1481.47 , 
406 , 1491.57 , 
407 , 1501.72 , 
408 , 1511.94 , 
409 , 1522.2 , 
410 , 1532.51 , 
411 , 1542.87 , 
412 , 1553.26 , 
413 , 1563.69 , 
414 , 1574.15 , 
415 , 1584.64 , 
416 , 1595.15 , 
417 , 1605.67 , 
418 , 1616.2 , 
419 , 1626.74 , 
420 , 1637.28 , 
421 , 1647.82 , 
422 , 1658.35 , 
423 , 1668.86 , 
424 , 1679.35 , 
425 , 1689.82 , 
426 , 1700.26 , 
427 , 1710.66 , 
428 , 1721.01 , 
429 , 1731.32 , 
430 , 1741.58 , 
431 , 1751.77 , 
432 , 1761.9 , 
433 , 1771.95 , 
434 , 1781.92 , 
435 , 1791.81 , 
436 , 1801.61 , 
437 , 1811.3 , 
438 , 1820.89 , 
439 , 1830.37 , 
440 , 1839.73 , 
441 , 1848.96 , 
442 , 1858.06 , 
443 , 1867.01 , 
444 , 1875.82 , 
445 , 1884.47 , 
446 , 1892.96 , 
447 , 1901.27 , 
448 , 1909.41 , 
449 , 1917.36 , 
450 , 1925.12 , 
451 , 1932.67 , 
452 , 1940.02 , 
453 , 1947.16 , 
454 , 1954.11 , 
455 , 1960.84 , 
456 , 1967.37 , 
457 , 1973.7 , 
458 , 1979.82 , 
459 , 1985.73 , 
460 , 1991.44 , 
461 , 1996.94 , 
462 , 2002.24 , 
463 , 2007.32 , 
464 , 2012.2 , 
465 , 2016.88 , 
466 , 2021.35 , 
467 , 2025.61 , 
468 , 2029.66 , 
469 , 2033.51 , 
470 , 2037.15 , 
471 , 2040.59 , 
472 , 2043.82 , 
473 , 2046.84 , 
474 , 2049.66 , 
475 , 2052.27 , 
476 , 2054.67 , 
477 , 2056.88 , 
478 , 2058.87 , 
479 , 2060.67 , 
480 , 2062.26 , 
481 , 2063.64 , 
482 , 2064.83 , 
483 , 2065.81 , 
484 , 2066.6 , 
485 , 2067.18 , 
486 , 2067.56 , 
487 , 2067.74 , 
488 , 2067.73 , 
489 , 2067.51 , 
490 , 2067.1 , 
491 , 2066.5 , 
492 , 2065.7 , 
493 , 2064.7 , 
494 , 2063.52 , 
495 , 2062.14 , 
496 , 2060.57 , 
497 , 2058.81 , 
498 , 2056.86 , 
499 , 2054.73 , 
500 , 2052.41 , 
501 , 2049.91 , 
502 , 2047.22 , 
503 , 2044.35 , 
504 , 2041.32 , 
505 , 2038.1 , 
506 , 2034.72 , 
507 , 2031.18 , 
508 , 2027.47 , 
509 , 2023.61 , 
510 , 2019.59 , 
511 , 2015.42 , 
512 , 2011.1 , 
513 , 2006.64 , 
514 , 2002.04 , 
515 , 1997.3 , 
516 , 1992.44 , 
517 , 1987.45 , 
518 , 1982.33 , 
519 , 1977.09 , 
520 , 1971.75 , 
521 , 1966.29 , 
522 , 1960.72 , 
523 , 1955.06 , 
524 , 1949.3 , 
525 , 1943.45 , 
526 , 1937.51 , 
527 , 1931.49 , 
528 , 1925.4 , 
529 , 1919.23 , 
530 , 1913 , 
531 , 1906.71 , 
532 , 1900.36 , 
533 , 1893.96 , 
534 , 1887.52 , 
535 , 1881.04 , 
536 , 1874.52 , 
537 , 1867.97 , 
538 , 1861.41 , 
539 , 1854.83 , 
540 , 1848.23 , 
541 , 1841.64 , 
542 , 1835.04 , 
543 , 1828.46 , 
544 , 1821.89 , 
545 , 1815.34 , 
546 , 1808.81 , 
547 , 1802.32 , 
548 , 1795.88 , 
549 , 1789.48 , 
550 , 1783.13 , 
551 , 1776.84 , 
552 , 1770.62 , 
553 , 1764.46 , 
554 , 1758.38 , 
555 , 1752.36 , 
556 , 1746.42 , 
557 , 1740.56 , 
558 , 1734.77 , 
559 , 1729.07 , 
560 , 1723.46 , 
561 , 1717.93 , 
562 , 1712.49 , 
563 , 1707.15 , 
564 , 1701.9 , 
565 , 1696.76 , 
566 , 1691.71 , 
567 , 1686.77 , 
568 , 1681.95 , 
569 , 1677.23 , 
570 , 1672.63 , 
571 , 1668.14 , 
572 , 1663.78 , 
573 , 1659.54 , 
574 , 1655.42 , 
575 , 1651.44 , 
576 , 1647.59 , 
577 , 1643.88 , 
578 , 1640.31 , 
579 , 1636.88 , 
580 , 1633.6 , 
581 , 1630.47 , 
582 , 1627.49 , 
583 , 1624.66 , 
584 , 1622 , 
585 , 1619.5 , 
586 , 1617.17 , 
587 , 1615.01 , 
588 , 1613.03 , 
589 , 1611.22 , 
590 , 1609.59 , 
591 , 1608.15 , 
592 , 1606.9 , 
593 , 1605.83 , 
594 , 1604.97 , 
595 , 1604.3 , 
596 , 1603.84 , 
597 , 1603.58 , 
598 , 1603.54 , 
599 , 1603.71 , 
600 , 1604.1 , 
601 , 1604.71 , 
602 , 1605.54 , 
603 , 1606.59 , 
604 , 1607.86 , 
605 , 1609.35 , 
606 , 1611.06 , 
607 , 1612.98 , 
608 , 1615.12 , 
609 , 1617.46 , 
610 , 1620.03 , 
611 , 1622.8 , 
612 , 1625.78 , 
613 , 1628.96 , 
614 , 1632.35 , 
615 , 1635.95 , 
616 , 1639.75 , 
617 , 1643.75 , 
618 , 1647.95 , 
619 , 1652.35 , 
620 , 1656.94 , 
621 , 1661.72 , 
622 , 1666.7 , 
623 , 1671.87 , 
624 , 1677.23 , 
625 , 1682.77 , 
626 , 1688.5 , 
627 , 1694.41 , 
628 , 1700.49 , 
629 , 1706.76 , 
630 , 1713.2 , 
631 , 1719.82 , 
632 , 1726.61 , 
633 , 1733.56 , 
634 , 1740.68 , 
635 , 1747.97 , 
636 , 1755.42 , 
637 , 1763.03 , 
638 , 1770.79 , 
639 , 1778.71 , 
640 , 1786.78 , 
641 , 1794.99 , 
642 , 1803.36 , 
643 , 1811.87 , 
644 , 1820.51 , 
645 , 1829.3 , 
646 , 1838.22 , 
647 , 1847.27 , 
648 , 1856.45 , 
649 , 1865.76 , 
650 , 1875.18 , 
651 , 1884.73 , 
652 , 1894.4 , 
653 , 1904.17 , 
654 , 1914.06 , 
655 , 1924.05 , 
656 , 1934.14 , 
657 , 1944.32 , 
658 , 1954.6 , 
659 , 1964.97 , 
660 , 1975.43 , 
661 , 1985.96 , 
662 , 1996.57 , 
663 , 2007.25 , 
664 , 2018.01 , 
665 , 2028.82 , 
666 , 2039.7 , 
667 , 2050.63 , 
668 , 2061.61 , 
669 , 2072.64 , 
670 , 2083.7 , 
671 , 2094.81 , 
672 , 2105.95 , 
673 , 2117.11 , 
674 , 2128.3 , 
675 , 2139.5 , 
676 , 2150.72 , 
677 , 2161.94 , 
678 , 2173.17 , 
679 , 2184.39 , 
680 , 2195.61 , 
681 , 2206.81 , 
682 , 2218 , 
683 , 2229.16 , 
684 , 2240.29 , 
685 , 2251.39 , 
686 , 2262.45 , 
687 , 2273.46 , 
688 , 2284.42 , 
689 , 2295.32 , 
690 , 2306.16 , 
691 , 2316.93 , 
692 , 2327.63 , 
693 , 2338.25 , 
694 , 2348.78 , 
695 , 2359.22 , 
696 , 2369.56 , 
697 , 2379.79 , 
698 , 2389.91 , 
699 , 2399.92 , 
700 , 2409.8 , 
701 , 2419.55 , 
702 , 2429.17 , 
703 , 2438.65 , 
704 , 2448 , 
705 , 2457.21 , 
706 , 2466.27 , 
707 , 2475.19 , 
708 , 2483.97 , 
709 , 2492.59 , 
710 , 2501.07 , 
711 , 2509.39 , 
712 , 2517.55 , 
713 , 2525.55 , 
714 , 2533.4 , 
715 , 2541.07 , 
716 , 2548.59 , 
717 , 2555.93 , 
718 , 2563.1 , 
719 , 2570.1 , 
720 , 2576.92 , 
721 , 2583.56 , 
722 , 2590.02 , 
723 , 2596.3 , 
724 , 2602.39 , 
725 , 2608.29 , 
726 , 2613.99 , 
727 , 2619.51 , 
728 , 2624.82 , 
729 , 2629.93 , 
730 , 2634.85 , 
731 , 2639.55 , 
732 , 2644.05 , 
733 , 2648.33 , 
734 , 2652.4 , 
735 , 2656.25 , 
736 , 2659.89 , 
737 , 2663.3 , 
738 , 2666.48 , 
739 , 2669.44 , 
740 , 2672.16 , 
741 , 2674.65 , 
742 , 2676.9 , 
743 , 2678.92 , 
744 , 2680.69 , 
745 , 2682.21 , 
746 , 2683.49 , 
747 , 2684.51 , 
748 , 2685.28 , 
749 , 2685.78 , 
750 , 2686.03 , 
751 , 2686.02 , 
752 , 2685.74 , 
753 , 2685.2 , 
754 , 2684.4 , 
755 , 2683.34 , 
756 , 2682.02 , 
757 , 2680.45 , 
758 , 2678.62 , 
759 , 2676.54 , 
760 , 2674.21 , 
761 , 2671.63 , 
762 , 2668.8 , 
763 , 2665.73 , 
764 , 2662.41 , 
765 , 2658.84 , 
766 , 2655.04 , 
767 , 2651 , 
768 , 2646.72 , 
769 , 2642.21 , 
770 , 2637.46 , 
771 , 2632.48 , 
772 , 2627.27 , 
773 , 2621.83 , 
774 , 2616.17 , 
775 , 2610.28 , 
776 , 2604.18 , 
777 , 2597.85 , 
778 , 2591.31 , 
779 , 2584.55 , 
780 , 2577.58 , 
781 , 2570.39 , 
782 , 2563 , 
783 , 2555.41 , 
784 , 2547.61 , 
785 , 2539.61 , 
786 , 2531.41 , 
787 , 2523.02 , 
788 , 2514.43 , 
789 , 2505.65 , 
790 , 2496.68 , 
791 , 2487.53 , 
792 , 2478.19 , 
793 , 2468.68 , 
794 , 2458.98 , 
795 , 2449.11 , 
796 , 2439.07 , 
797 , 2428.86 , 
798 , 2418.48 , 
799 , 2407.94 , 
800 , 2397.23 , 
801 , 2386.37 , 
802 , 2375.36 , 
803 , 2364.19 , 
804 , 2352.88 , 
805 , 2341.43 , 
806 , 2329.83 , 
807 , 2318.1 , 
808 , 2306.23 , 
809 , 2294.24 , 
810 , 2282.12 , 
811 , 2269.88 , 
812 , 2257.52 , 
813 , 2245.05 , 
814 , 2232.47 , 
815 , 2219.78 , 
816 , 2206.99 , 
817 , 2194.11 , 
818 , 2181.13 , 
819 , 2168.07 , 
820 , 2154.91 , 
821 , 2141.68 , 
822 , 2128.38 , 
823 , 2115 , 
824 , 2101.55 , 
825 , 2088.04 , 
826 , 2074.47 , 
827 , 2060.85 , 
828 , 2047.18 , 
829 , 2033.46 , 
830 , 2019.71 , 
831 , 2005.92 , 
832 , 1992.1 , 
833 , 1978.25 , 
834 , 1964.38 , 
835 , 1950.5 , 
836 , 1936.6 , 
837 , 1922.7 , 
838 , 1908.8 , 
839 , 1894.9 , 
840 , 1881.01 , 
841 , 1867.14 , 
842 , 1853.29 , 
843 , 1839.46 , 
844 , 1825.66 , 
845 , 1811.89 , 
846 , 1798.17 , 
847 , 1784.49 , 
848 , 1770.86 , 
849 , 1757.3 , 
850 , 1743.79 , 
851 , 1730.35 , 
852 , 1716.99 , 
853 , 1703.69 , 
854 , 1690.48 , 
855 , 1677.34 , 
856 , 1664.28 , 
857 , 1651.3 , 
858 , 1638.41 , 
859 , 1625.6 , 
860 , 1612.89 , 
861 , 1600.27 , 
862 , 1587.74 , 
863 , 1575.31 , 
864 , 1562.98 , 
865 , 1550.75 , 
866 , 1538.62 , 
867 , 1526.61 , 
868 , 1514.7 , 
869 , 1502.91 , 
870 , 1491.23 , 
871 , 1479.67 , 
872 , 1468.22 , 
873 , 1456.91 , 
874 , 1445.71 , 
875 , 1434.65 , 
876 , 1423.71 , 
877 , 1412.91 , 
878 , 1402.25 , 
879 , 1391.73 , 
880 , 1381.34 , 
881 , 1371.11 , 
882 , 1361.02 , 
883 , 1351.08 , 
884 , 1341.29 , 
885 , 1331.66 , 
886 , 1322.19 , 
887 , 1312.88 , 
888 , 1303.73 , 
889 , 1294.75 , 
890 , 1285.94 , 
891 , 1277.31 , 
892 , 1268.85 , 
893 , 1260.57 , 
894 , 1252.47 , 
895 , 1244.56 , 
896 , 1236.84 , 
897 , 1229.31 , 
898 , 1221.97 , 
899 , 1214.83 , 
900 , 1207.89 , 
901 , 1201.16 , 
902 , 1194.62 , 
903 , 1188.29 , 
904 , 1182.16 , 
905 , 1176.23 , 
906 , 1170.5 , 
907 , 1164.97 , 
908 , 1159.64 , 
909 , 1154.5 , 
910 , 1149.56 , 
911 , 1144.81 , 
912 , 1140.26 , 
913 , 1135.9 , 
914 , 1131.73 , 
915 , 1127.75 , 
916 , 1123.96 , 
917 , 1120.36 , 
918 , 1116.95 , 
919 , 1113.72 , 
920 , 1110.68 , 
921 , 1107.82 , 
922 , 1105.14 , 
923 , 1102.65 , 
924 , 1100.33 , 
925 , 1098.2 , 
926 , 1096.24 , 
927 , 1094.46 , 
928 , 1092.85 , 
929 , 1091.41 , 
930 , 1090.15 , 
931 , 1089.06 , 
932 , 1088.14 , 
933 , 1087.39 , 
934 , 1086.8 , 
935 , 1086.38 , 
936 , 1086.12 , 
937 , 1086.03 , 
938 , 1086.09 , 
939 , 1086.32 , 
940 , 1086.7 , 
941 , 1087.24 , 
942 , 1087.93 , 
943 , 1088.78 , 
944 , 1089.77 , 
945 , 1090.92 , 
946 , 1092.21 , 
947 , 1093.66 , 
948 , 1095.24 , 
949 , 1096.97 , 
950 , 1098.84 , 
951 , 1100.85 , 
952 , 1103 , 
953 , 1105.28 , 
954 , 1107.69 , 
955 , 1110.23 , 
956 , 1112.89 , 
957 , 1115.68 , 
958 , 1118.59 , 
959 , 1121.62 , 
960 , 1124.76 , 
961 , 1128.01 , 
962 , 1131.37 , 
963 , 1134.83 , 
964 , 1138.4 , 
965 , 1142.06 , 
966 , 1145.82 , 
967 , 1149.68 , 
968 , 1153.62 , 
969 , 1157.65 , 
970 , 1161.77 , 
971 , 1165.96 , 
972 , 1170.23 , 
973 , 1174.58 , 
974 , 1178.99 , 
975 , 1183.48 , 
976 , 1188.02 , 
977 , 1192.63 , 
978 , 1197.29 , 
979 , 1202.01 , 
980 , 1206.77 , 
981 , 1211.58 , 
982 , 1216.44 , 
983 , 1221.33 , 
984 , 1226.26 , 
985 , 1231.22 , 
986 , 1236.21 , 
987 , 1241.22 , 
988 , 1246.25 , 
989 , 1251.3 , 
990 , 1256.37 , 
991 , 1261.44 , 
992 , 1266.51 , 
993 , 1271.59 , 
994 , 1276.67 , 
995 , 1281.74 , 
996 , 1286.8 , 
997 , 1291.84 , 
998 , 1296.86 , 
999 , 1301.87 , 
1000 , 1306.84 , 
1001 , 1311.78 , 
1002 , 1316.7 , 
1003 , 1321.57 , 
1004 , 1326.41 , 
1005 , 1331.22 , 
1006 , 1335.98 , 
1007 , 1340.7 , 
1008 , 1345.38 , 
1009 , 1350.02 , 
1010 , 1354.61 , 
1011 , 1359.15 , 
1012 , 1363.64 , 
1013 , 1368.07 , 
1014 , 1372.46 , 
1015 , 1376.79 , 
1016 , 1381.06 , 
1017 , 1385.27 , 
1018 , 1389.42 , 
1019 , 1393.51 , 
1020 , 1397.54 , 
1021 , 1401.5 , 
1022 , 1405.38 , 
1023 , 1409.2 , 
1024 , 1412.95 , 
1025 , 1416.62 , 
1026 , 1420.22 , 
1027 , 1423.74 , 
1028 , 1427.17 , 
1029 , 1430.53 , 
1030 , 1433.8 , 
1031 , 1436.99 , 
1032 , 1440.08 , 
1033 , 1443.09 , 
1034 , 1446 , 
1035 , 1448.82 , 
1036 , 1451.55 , 
1037 , 1454.17 , 
1038 , 1456.7 , 
1039 , 1459.12 , 
1040 , 1461.44 , 
1041 , 1463.65 , 
1042 , 1465.75 , 
1043 , 1467.74 , 
1044 , 1469.61 , 
1045 , 1471.38 , 
1046 , 1473.02 , 
1047 , 1474.54 , 
1048 , 1475.94 , 
1049 , 1477.22 , 
1050 , 1478.36 , 
1051 , 1479.39 , 
1052 , 1480.28 , 
1053 , 1481.04 , 
1054 , 1481.68 , 
1055 , 1482.18 , 
1056 , 1482.57 , 
1057 , 1482.82 , 
1058 , 1482.95 , 
1059 , 1482.96 , 
1060 , 1482.84 , 
1061 , 1482.6 , 
1062 , 1482.24 , 
1063 , 1481.75 , 
1064 , 1481.14 , 
1065 , 1480.41 , 
1066 , 1479.56 , 
1067 , 1478.59 , 
1068 , 1477.5 , 
1069 , 1476.29 , 
1070 , 1474.96 , 
1071 , 1473.51 , 
1072 , 1471.95 , 
1073 , 1470.27 , 
1074 , 1468.48 , 
1075 , 1466.57 , 
1076 , 1464.55 , 
1077 , 1462.42 , 
1078 , 1460.17 , 
1079 , 1457.81 , 
1080 , 1455.34 , 
1081 , 1452.76 , 
1082 , 1450.07 , 
1083 , 1447.27 , 
1084 , 1444.36 , 
1085 , 1441.35 , 
1086 , 1438.23 , 
1087 , 1435 , 
1088 , 1431.67 , 
1089 , 1428.24 , 
1090 , 1424.7 , 
1091 , 1421.06 , 
1092 , 1417.32 , 
1093 , 1413.48 , 
1094 , 1409.53 , 
1095 , 1405.49 , 
1096 , 1401.35 , 
1097 , 1397.12 , 
1098 , 1392.78 , 
1099 , 1388.36 , 
1100 , 1383.83 , 
1101 , 1379.22 , 
1102 , 1374.51 , 
1103 , 1369.72 , 
1104 , 1364.83 , 
1105 , 1359.87 , 
1106 , 1354.82 , 
1107 , 1349.68 , 
1108 , 1344.48 , 
1109 , 1339.19 , 
1110 , 1333.83 , 
1111 , 1328.4 , 
1112 , 1322.9 , 
1113 , 1317.34 , 
1114 , 1311.71 , 
1115 , 1306.02 , 
1116 , 1300.27 , 
1117 , 1294.46 , 
1118 , 1288.6 , 
1119 , 1282.68 , 
1120 , 1276.72 , 
1121 , 1270.71 , 
1122 , 1264.65 , 
1123 , 1258.55 , 
1124 , 1252.41 , 
1125 , 1246.24 , 
1126 , 1240.03 , 
1127 , 1233.78 , 
1128 , 1227.51 , 
1129 , 1221.21 , 
1130 , 1214.89 , 
1131 , 1208.55 , 
1132 , 1202.18 , 
1133 , 1195.8 , 
1134 , 1189.41 , 
1135 , 1183.01 , 
1136 , 1176.6 , 
1137 , 1170.18 , 
1138 , 1163.77 , 
1139 , 1157.35 , 
1140 , 1150.94 , 
1141 , 1144.53 , 
1142 , 1138.13 , 
1143 , 1131.75 , 
1144 , 1125.38 , 
1145 , 1119.02 , 
1146 , 1112.69 , 
1147 , 1106.38 , 
1148 , 1100.1 , 
1149 , 1093.85 , 
1150 , 1087.64 , 
1151 , 1081.45 , 
1152 , 1075.31 , 
1153 , 1069.2 , 
1154 , 1063.14 , 
1155 , 1057.11 , 
1156 , 1051.13 , 
1157 , 1045.19 , 
1158 , 1039.29 , 
1159 , 1033.45 , 
1160 , 1027.64 , 
1161 , 1021.89 , 
1162 , 1016.19 , 
1163 , 1010.54 , 
1164 , 1004.94 , 
1165 , 999.393 , 
1166 , 993.903 , 
1167 , 988.469 , 
1168 , 983.093 , 
1169 , 977.776 , 
1170 , 972.519 , 
1171 , 967.324 , 
1172 , 962.193 , 
1173 , 957.125 , 
1174 , 952.124 , 
1175 , 947.19 , 
1176 , 942.325 , 
1177 , 937.53 , 
1178 , 932.807 , 
1179 , 928.156 , 
1180 , 923.579 , 
1181 , 919.079 , 
1182 , 914.655 , 
1183 , 910.311 , 
1184 , 906.046 , 
1185 , 901.863 , 
1186 , 897.762 , 
1187 , 893.747 , 
1188 , 889.817 , 
1189 , 885.974 , 
1190 , 882.221 , 
1191 , 878.558 , 
1192 , 874.987 , 
1193 , 871.509 , 
1194 , 868.127 , 
1195 , 864.841 , 
1196 , 861.653 , 
1197 , 858.564 , 
1198 , 855.577 , 
1199 , 852.693 , 
1200 , 849.912 , 
1201 , 847.238 , 
1202 , 844.669 , 
1203 , 842.204 , 
1204 , 839.844 , 
1205 , 837.588 , 
1206 , 835.436 , 
1207 , 833.386 , 
1208 , 831.439 , 
1209 , 829.593 , 
1210 , 827.849 , 
1211 , 826.206 , 
1212 , 824.662 , 
1213 , 823.219 , 
1214 , 821.875 , 
1215 , 820.629 , 
1216 , 819.481 , 
1217 , 818.431 , 
1218 , 817.477 , 
1219 , 816.62 , 
1220 , 815.858 , 
1221 , 815.192 , 
1222 , 814.62 , 
1223 , 814.142 , 
1224 , 813.757 , 
1225 , 813.465 , 
1226 , 813.264 , 
1227 , 813.155 , 
1228 , 813.137 , 
1229 , 813.209 , 
1230 , 813.37 , 
1231 , 813.62 , 
1232 , 813.957 , 
1233 , 814.383 , 
1234 , 814.895 , 
1235 , 815.493 , 
1236 , 816.176 , 
1237 , 816.944 , 
1238 , 817.795 , 
1239 , 818.73 , 
1240 , 819.748 , 
1241 , 820.847 , 
1242 , 822.027 , 
1243 , 823.287 , 
1244 , 824.627 , 
1245 , 826.046 , 
1246 , 827.542 , 
1247 , 829.116 , 
1248 , 830.766 , 
1249 , 832.492 , 
1250 , 834.293 , 
1251 , 836.168 , 
1252 , 838.115 , 
1253 , 840.132 , 
1254 , 842.219 , 
1255 , 844.372 , 
1256 , 846.591 , 
1257 , 848.873 , 
1258 , 851.217 , 
1259 , 853.621 , 
1260 , 856.083 , 
1261 , 858.602 , 
1262 , 861.174 , 
1263 , 863.799 , 
1264 , 866.475 , 
1265 , 869.199 , 
1266 , 871.971 , 
1267 , 874.787 , 
1268 , 877.646 , 
1269 , 880.546 , 
1270 , 883.485 , 
1271 , 886.461 , 
1272 , 889.473 , 
1273 , 892.517 , 
1274 , 895.593 , 
1275 , 898.697 , 
1276 , 901.829 , 
1277 , 904.985 , 
1278 , 908.165 , 
1279 , 911.365 , 
1280 , 914.584 , 
1281 , 917.82 , 
1282 , 921.07 , 
1283 , 924.332 , 
1284 , 927.605 , 
1285 , 930.886 , 
1286 , 934.173 , 
1287 , 937.463 , 
1288 , 940.755 , 
1289 , 944.046 , 
1290 , 947.334 , 
1291 , 950.617 , 
1292 , 953.893 , 
1293 , 957.159 , 
1294 , 960.412 , 
1295 , 963.652 , 
1296 , 966.875 , 
1297 , 970.079 , 
1298 , 973.262 , 
1299 , 976.421 , 
1300 , 979.554 , 
1301 , 982.659 , 
1302 , 985.735 , 
1303 , 988.78 , 
1304 , 991.794 , 
1305 , 994.776 , 
1306 , 997.724 , 
1307 , 1000.64 , 
1308 , 1003.52 , 
1309 , 1006.36 , 
1310 , 1009.16 , 
1311 , 1011.93 , 
1312 , 1014.65 , 
1313 , 1017.34 , 
1314 , 1019.98 , 
1315 , 1022.58 , 
1316 , 1025.14 , 
1317 , 1027.65 , 
1318 , 1030.11 , 
1319 , 1032.53 , 
1320 , 1034.9 , 
1321 , 1037.22 , 
1322 , 1039.49 , 
1323 , 1041.71 , 
1324 , 1043.88 , 
1325 , 1045.99 , 
1326 , 1048.05 , 
1327 , 1050.05 , 
1328 , 1051.99 , 
1329 , 1053.87 , 
1330 , 1055.7 , 
1331 , 1057.46 , 
1332 , 1059.16 , 
1333 , 1060.8 , 
1334 , 1062.38 , 
1335 , 1063.89 , 
1336 , 1065.33 , 
1337 , 1066.71 , 
1338 , 1068.01 , 
1339 , 1069.25 , 
1340 , 1070.41 , 
1341 , 1071.5 , 
1342 , 1072.52 , 
1343 , 1073.46 , 
1344 , 1074.33 , 
1345 , 1075.12 , 
1346 , 1075.82 , 
1347 , 1076.45 , 
1348 , 1077 , 
1349 , 1077.47 , 
1350 , 1077.85 , 
1351 , 1078.14 , 
1352 , 1078.35 , 
1353 , 1078.48 , 
1354 , 1078.52 , 
1355 , 1078.48 , 
1356 , 1078.36 , 
1357 , 1078.15 , 
1358 , 1077.86 , 
1359 , 1077.49 , 
1360 , 1077.03 , 
1361 , 1076.49 , 
1362 , 1075.88 , 
1363 , 1075.18 , 
1364 , 1074.4 , 
1365 , 1073.54 , 
1366 , 1072.61 , 
1367 , 1071.59 , 
1368 , 1070.49 , 
1369 , 1069.32 , 
1370 , 1068.07 , 
1371 , 1066.74 , 
1372 , 1065.34 , 
1373 , 1063.85 , 
1374 , 1062.3 , 
1375 , 1060.66 , 
1376 , 1058.96 , 
1377 , 1057.17 , 
1378 , 1055.31 , 
1379 , 1053.38 , 
1380 , 1051.38 , 
1381 , 1049.3 , 
1382 , 1047.15 , 
1383 , 1044.93 , 
1384 , 1042.64 , 
1385 , 1040.28 , 
1386 , 1037.84 , 
1387 , 1035.34 , 
1388 , 1032.77 , 
1389 , 1030.12 , 
1390 , 1027.41 , 
1391 , 1024.64 , 
1392 , 1021.79 , 
1393 , 1018.88 , 
1394 , 1015.9 , 
1395 , 1012.86 , 
1396 , 1009.75 , 
1397 , 1006.57 , 
1398 , 1003.34 , 
1399 , 1000.03 , 
1400 , 996.67 , 
1401 , 993.243 , 
1402 , 989.754 , 
1403 , 986.206 , 
1404 , 982.598 , 
1405 , 978.932 , 
1406 , 975.21 , 
1407 , 971.433 , 
1408 , 967.6 , 
1409 , 963.715 , 
1410 , 959.778 , 
1411 , 955.79 , 
1412 , 951.753 , 
1413 , 947.667 , 
1414 , 943.534 , 
1415 , 939.355 , 
1416 , 935.132 , 
1417 , 930.865 , 
1418 , 926.557 , 
1419 , 922.207 , 
1420 , 917.818 , 
1421 , 913.391 , 
1422 , 908.927 , 
1423 , 904.427 , 
1424 , 899.893 , 
1425 , 895.325 , 
1426 , 890.726 , 
1427 , 886.097 , 
1428 , 881.439 , 
1429 , 876.753 , 
1430 , 872.04 , 
1431 , 867.303 , 
1432 , 862.542 , 
1433 , 857.759 , 
1434 , 852.955 , 
1435 , 848.131 , 
1436 , 843.29 , 
1437 , 838.432 , 
1438 , 833.558 , 
1439 , 828.671 , 
1440 , 823.772 , 
1441 , 818.862 , 
1442 , 813.942 , 
1443 , 809.014 , 
1444 , 804.08 , 
1445 , 799.14 , 
1446 , 794.198 , 
1447 , 789.252 , 
1448 , 784.307 , 
1449 , 779.362 , 
1450 , 774.42 , 
1451 , 769.482 , 
1452 , 764.548 , 
1453 , 759.621 , 
1454 , 754.702 , 
1455 , 749.79 , 
1456 , 744.888 , 
1457 , 739.997 , 
1458 , 735.117 , 
1459 , 730.251 , 
1460 , 725.398 , 
1461 , 720.561 , 
1462 , 715.74 , 
1463 , 710.937 , 
1464 , 706.152 , 
1465 , 701.387 , 
1466 , 696.643 , 
1467 , 691.921 , 
1468 , 687.223 , 
1469 , 682.55 , 
1470 , 677.902 , 
1471 , 673.281 , 
1472 , 668.688 , 
1473 , 664.125 , 
1474 , 659.593 , 
1475 , 655.093 , 
1476 , 650.625 , 
1477 , 646.192 , 
1478 , 641.795 , 
1479 , 637.435 , 
1480 , 633.113 , 
1481 , 628.83 , 
1482 , 624.588 , 
1483 , 620.388 , 
1484 , 616.232 , 
1485 , 612.12 , 
1486 , 608.053 , 
1487 , 604.034 , 
1488 , 600.064 , 
1489 , 596.143 , 
1490 , 592.274 , 
1491 , 588.457 , 
1492 , 584.694 , 
1493 , 580.986 , 
1494 , 577.334 , 
1495 , 573.741 , 
1496 , 570.206 , 
1497 , 566.732 , 
1498 , 563.32 , 
1499 , 559.972 , 
1500 , 556.688 , 
1501 , 553.47 , 
1502 , 550.318 , 
1503 , 547.232 , 
1504 , 544.212 , 
1505 , 541.256 , 
1506 , 538.366 , 
1507 , 535.54 , 
1508 , 532.78 , 
1509 , 530.083 , 
1510 , 527.451 , 
1511 , 524.883 , 
1512 , 522.379 , 
1513 , 519.938 , 
1514 , 517.561 , 
1515 , 515.247 , 
1516 , 512.995 , 
1517 , 510.807 , 
1518 , 508.68 , 
1519 , 506.616 , 
1520 , 504.614 , 
1521 , 502.673 , 
1522 , 500.794 , 
1523 , 498.975 , 
1524 , 497.218 , 
1525 , 495.522 , 
1526 , 493.886 , 
1527 , 492.31 , 
1528 , 490.793 , 
1529 , 489.337 , 
1530 , 487.94 , 
1531 , 486.602 , 
1532 , 485.322 , 
1533 , 484.102 , 
1534 , 482.939 , 
1535 , 481.835 , 
1536 , 480.788 , 
1537 , 479.798 , 
1538 , 478.866 , 
1539 , 477.991 , 
1540 , 477.172 , 
1541 , 476.409 , 
1542 , 475.702 , 
1543 , 475.051 , 
1544 , 474.456 , 
1545 , 473.915 , 
1546 , 473.429 , 
1547 , 472.998 , 
1548 , 472.621 , 
1549 , 472.297 , 
1550 , 472.027 , 
1551 , 471.811 , 
1552 , 471.646 , 
1553 , 471.533 , 
1554 , 471.471 , 
1555 , 471.458 , 
1556 , 471.494 , 
1557 , 471.579 , 
1558 , 471.71 , 
1559 , 471.888 , 
1560 , 472.11 , 
1561 , 472.378 , 
1562 , 472.688 , 
1563 , 473.042 , 
1564 , 473.437 , 
1565 , 473.872 , 
1566 , 474.348 , 
1567 , 474.862 , 
1568 , 475.415 , 
1569 , 476.004 , 
1570 , 476.629 , 
1571 , 477.29 , 
1572 , 477.984 , 
1573 , 478.712 , 
1574 , 479.472 , 
1575 , 480.263 , 
1576 , 481.084 , 
1577 , 481.935 , 
1578 , 482.813 , 
1579 , 483.719 , 
1580 , 484.651 , 
1581 , 485.609 , 
1582 , 486.59 , 
1583 , 487.595 , 
1584 , 488.622 , 
1585 , 489.67 , 
1586 , 490.738 , 
1587 , 491.825 , 
1588 , 492.93 , 
1589 , 494.052 , 
1590 , 495.19 , 
1591 , 496.342 , 
1592 , 497.509 , 
1593 , 498.688 , 
1594 , 499.878 , 
1595 , 501.079 , 
1596 , 502.29 , 
1597 , 503.509 , 
1598 , 504.734 , 
1599 , 505.966 , 
1600 , 507.203 , 
1601 , 508.444 , 
1602 , 509.688 , 
1603 , 510.935 , 
1604 , 512.183 , 
1605 , 513.433 , 
1606 , 514.683 , 
1607 , 515.933 , 
1608 , 517.182 , 
1609 , 518.429 , 
1610 , 519.675 , 
1611 , 520.917 , 
1612 , 522.157 , 
1613 , 523.391 , 
1614 , 524.621 , 
1615 , 525.846 , 
1616 , 527.064 , 
1617 , 528.275 , 
1618 , 529.478 , 
1619 , 530.673 , 
1620 , 531.858 , 
1621 , 533.034 , 
1622 , 534.199 , 
1623 , 535.353 , 
1624 , 536.495 , 
1625 , 537.624 , 
1626 , 538.74 , 
1627 , 539.842 , 
1628 , 540.928 , 
1629 , 541.999 , 
1630 , 543.053 , 
1631 , 544.09 , 
1632 , 545.109 , 
1633 , 546.109 , 
1634 , 547.09 , 
1635 , 548.051 , 
1636 , 548.99 , 
1637 , 549.908 , 
1638 , 550.803 , 
1639 , 551.675 , 
1640 , 552.523 , 
1641 , 553.346 , 
1642 , 554.143 , 
1643 , 554.914 , 
1644 , 555.657 , 
1645 , 556.372 , 
1646 , 557.059 , 
1647 , 557.715 , 
1648 , 558.342 , 
1649 , 558.937 , 
1650 , 559.499 , 
1651 , 560.029 , 
1652 , 560.526 , 
1653 , 560.99 , 
1654 , 561.42 , 
1655 , 561.817 , 
1656 , 562.18 , 
1657 , 562.509 , 
1658 , 562.805 , 
1659 , 563.066 , 
1660 , 563.293 , 
1661 , 563.486 , 
1662 , 563.645 , 
1663 , 563.769 , 
1664 , 563.858 , 
1665 , 563.913 , 
1666 , 563.932 , 
1667 , 563.917 , 
1668 , 563.866 , 
1669 , 563.78 , 
1670 , 563.658 , 
1671 , 563.501 , 
1672 , 563.308 , 
1673 , 563.079 , 
1674 , 562.814 , 
1675 , 562.512 , 
1676 , 562.175 , 
1677 , 561.8 , 
1678 , 561.39 , 
1679 , 560.942 , 
1680 , 560.458 , 
1681 , 559.936 , 
1682 , 559.378 , 
1683 , 558.782 , 
1684 , 558.149 , 
1685 , 557.478 , 
1686 , 556.769 , 
1687 , 556.023 , 
1688 , 555.238 , 
1689 , 554.416 , 
1690 , 553.555 , 
1691 , 552.656 , 
1692 , 551.718 , 
1693 , 550.741 , 
1694 , 549.726 , 
1695 , 548.671 , 
1696 , 547.578 , 
1697 , 546.445 , 
1698 , 545.273 , 
1699 , 544.061 , 
1700 , 542.809 , 
1701 , 541.518 , 
1702 , 540.188 , 
1703 , 538.819 , 
1704 , 537.412 , 
1705 , 535.968 , 
1706 , 534.487 , 
1707 , 532.971 , 
1708 , 531.42 , 
1709 , 529.834 , 
1710 , 528.214 , 
1711 , 526.562 , 
1712 , 524.876 , 
1713 , 523.16 , 
1714 , 521.412 , 
1715 , 519.634 , 
1716 , 517.826 , 
1717 , 515.99 , 
1718 , 514.125 , 
1719 , 512.233 , 
1720 , 510.315 , 
1721 , 508.37 , 
1722 , 506.4 , 
1723 , 504.406 , 
1724 , 502.388 , 
1725 , 500.347 , 
1726 , 498.284 , 
1727 , 496.199 , 
1728 , 494.094 , 
1729 , 491.968 , 
1730 , 489.824 , 
1731 , 487.661 , 
1732 , 485.48 , 
1733 , 483.282 , 
1734 , 481.068 , 
1735 , 478.839 , 
1736 , 476.595 , 
1737 , 474.338 , 
1738 , 472.067 , 
1739 , 469.785 , 
1740 , 467.491 , 
1741 , 465.186 , 
1742 , 462.872 , 
1743 , 460.548 , 
1744 , 458.217 , 
1745 , 455.878 , 
1746 , 453.533 , 
1747 , 451.182 , 
1748 , 448.826 , 
1749 , 446.466 , 
1750 , 444.103 , 
1751 , 441.738 , 
1752 , 439.37 , 
1753 , 437.002 , 
1754 , 434.633 , 
1755 , 432.265 , 
1756 , 429.897 , 
1757 , 427.53 , 
1758 , 425.165 , 
1759 , 422.803 , 
1760 , 420.444 , 
1761 , 418.089 , 
1762 , 415.738 , 
1763 , 413.392 , 
1764 , 411.052 , 
1765 , 408.718 , 
1766 , 406.392 , 
1767 , 404.073 , 
1768 , 401.762 , 
1769 , 399.46 , 
1770 , 397.167 , 
1771 , 394.885 , 
1772 , 392.614 , 
1773 , 390.354 , 
1774 , 388.107 , 
1775 , 385.872 , 
1776 , 383.651 , 
1777 , 381.444 , 
1778 , 379.252 , 
1779 , 377.075 , 
1780 , 374.915 , 
1781 , 372.772 , 
1782 , 370.646 , 
1783 , 368.538 , 
1784 , 366.45 , 
1785 , 364.381 , 
1786 , 362.332 , 
1787 , 360.305 , 
1788 , 358.299 , 
1789 , 356.316 , 
1790 , 354.356 , 
1791 , 352.42 , 
1792 , 350.508 , 
1793 , 348.622 , 
1794 , 346.762 , 
1795 , 344.928 , 
1796 , 343.122 , 
1797 , 341.344 , 
1798 , 339.596 , 
1799 , 337.876 , 
1800 , 336.188 , 
1801 , 334.53 , 
1802 , 332.903 , 
1803 , 331.308 , 
1804 , 329.743 , 
1805 , 328.209 , 
1806 , 326.706 , 
1807 , 325.233 , 
1808 , 323.791 , 
1809 , 322.38 , 
1810 , 320.999 , 
1811 , 319.648 , 
1812 , 318.328 , 
1813 , 317.038 , 
1814 , 315.777 , 
1815 , 314.547 , 
1816 , 313.347 , 
1817 , 312.176 , 
1818 , 311.036 , 
1819 , 309.924 , 
1820 , 308.843 , 
1821 , 307.791 , 
1822 , 306.768 , 
1823 , 305.774 , 
1824 , 304.81 , 
1825 , 303.875 , 
1826 , 302.968 , 
1827 , 302.091 , 
1828 , 301.242 , 
1829 , 300.422 , 
1830 , 299.631 , 
1831 , 298.868 , 
1832 , 298.133 , 
1833 , 297.427 , 
1834 , 296.749 , 
1835 , 296.099 , 
1836 , 295.477 , 
1837 , 294.883 , 
1838 , 294.317 , 
1839 , 293.778 , 
1840 , 293.267 , 
1841 , 292.783 , 
1842 , 292.326 , 
1843 , 291.897 , 
1844 , 291.495 , 
1845 , 291.12 , 
1846 , 290.772 , 
1847 , 290.451 , 
1848 , 290.156 , 
1849 , 289.888 , 
1850 , 289.646 , 
1851 , 289.431 , 
1852 , 289.241 , 
1853 , 289.077 , 
1854 , 288.939 , 
1855 , 288.825 , 
1856 , 288.735 , 
1857 , 288.67 , 
1858 , 288.628 , 
1859 , 288.61 , 
1860 , 288.614 , 
1861 , 288.641 , 
1862 , 288.69 , 
1863 , 288.76 , 
1864 , 288.852 , 
1865 , 288.965 , 
1866 , 289.098 , 
1867 , 289.252 , 
1868 , 289.425 , 
1869 , 289.617 , 
1870 , 289.828 , 
1871 , 290.058 , 
1872 , 290.305 , 
1873 , 290.57 , 
1874 , 290.853 , 
1875 , 291.152 , 
1876 , 291.467 , 
1877 , 291.799 , 
1878 , 292.146 , 
1879 , 292.507 , 
1880 , 292.884 , 
1881 , 293.275 , 
1882 , 293.679 , 
1883 , 294.097 , 
1884 , 294.528 , 
1885 , 294.971 , 
1886 , 295.426 , 
1887 , 295.893 , 
1888 , 296.371 , 
1889 , 296.86 , 
1890 , 297.358 , 
1891 , 297.867 , 
1892 , 298.385 , 
1893 , 298.911 , 
1894 , 299.446 , 
1895 , 299.989 , 
1896 , 300.54 , 
1897 , 301.097 , 
1898 , 301.661 , 
1899 , 302.231 , 
1900 , 302.807 , 
1901 , 303.388 , 
1902 , 303.973 , 
1903 , 304.563 , 
1904 , 305.156 , 
1905 , 305.753 , 
1906 , 306.353 , 
1907 , 306.955 , 
1908 , 307.559 , 
1909 , 308.165 , 
1910 , 308.772 , 
1911 , 309.379 , 
1912 , 309.987 , 
1913 , 310.595 , 
1914 , 311.201 , 
1915 , 311.807 , 
1916 , 312.41 , 
1917 , 313.012 , 
1918 , 313.611 , 
1919 , 314.207 , 
1920 , 314.799 , 
1921 , 315.387 , 
1922 , 315.971 , 
1923 , 316.55 , 
1924 , 317.123 , 
1925 , 317.691 , 
1926 , 318.251 , 
1927 , 318.805 , 
1928 , 319.352 , 
1929 , 319.89 , 
1930 , 320.42 , 
1931 , 320.942 , 
1932 , 321.454 , 
1933 , 321.955 , 
1934 , 322.447 , 
1935 , 322.928 , 
1936 , 323.397 , 
1937 , 323.854 , 
1938 , 324.299 , 
1939 , 324.73 , 
1940 , 325.149 , 
1941 , 325.553 , 
1942 , 325.943 , 
1943 , 326.318 , 
1944 , 326.677 , 
1945 , 327.021 , 
1946 , 327.347 , 
1947 , 327.657 , 
1948 , 327.949 , 
1949 , 328.222 , 
1950 , 328.477 , 
1951 , 328.713 , 
1952 , 328.93 , 
1953 , 329.128 , 
1954 , 329.309 , 
1955 , 329.471 , 
1956 , 329.615 , 
1957 , 329.743 , 
1958 , 329.853 , 
1959 , 329.947 , 
1960 , 330.024 , 
1961 , 330.086 , 
1962 , 330.132 , 
1963 , 330.162 , 
1964 , 330.178 , 
1965 , 330.18 , 
1966 , 330.167 , 
1967 , 330.14 , 
1968 , 330.1 , 
1969 , 330.046 , 
1970 , 329.98 , 
1971 , 329.902 , 
1972 , 329.811 , 
1973 , 329.708 , 
1974 , 329.595 , 
1975 , 329.47 , 
1976 , 329.334 , 
1977 , 329.189 , 
1978 , 329.033 , 
1979 , 328.868 , 
1980 , 328.694 , 
1981 , 328.511 , 
1982 , 328.319 , 
1983 , 328.12 , 
1984 , 327.912 , 
1985 , 327.698 , 
1986 , 327.476 , 
1987 , 327.248 , 
1988 , 327.014 , 
1989 , 326.774 , 
1990 , 326.529 , 
1991 , 326.279 , 
1992 , 326.024 , 
1993 , 325.765 , 
1994 , 325.502 , 
1995 , 325.235 , 
1996 , 324.966 , 
1997 , 324.694 , 
1998 , 324.419 , 
1999 , 324.143 , 
2000 , 323.866 , 
