 ell ,  cell_SW ,  cell_ISW ,  cell_DOP , cell_POL , 
2 , 499.006 , 330.435 , 5.48951 , 379.584 , 
3 , 488.767 , 239.97 , 9.77549 , 372.742 , 
4 , 480.22 , 183.971 , 14.8076 , 367.35 , 
5 , 472.446 , 146.321 , 20.4541 , 362.685 , 
6 , 464.903 , 119.475 , 26.6091 , 358.309 , 
7 , 457.426 , 99.4879 , 33.1872 , 354.079 , 
8 , 449.938 , 84.1179 , 40.1174 , 349.917 , 
9 , 442.153 , 72.0155 , 47.338 , 345.592 , 
10 , 434.791 , 62.2949 , 54.8004 , 341.637 , 
11 , 427.063 , 54.3348 , 62.4551 , 337.44 , 
12 , 419.356 , 47.9378 , 70.2634 , 333.282 , 
13 , 411.223 , 42.5308 , 78.1876 , 328.816 , 
14 , 403.334 , 38.1328 , 86.1992 , 324.537 , 
15 , 395.74 , 34.6497 , 94.2688 , 320.475 , 
16 , 387.413 , 31.6378 , 102.363 , 315.842 , 
17 , 378.814 , 29.1288 , 110.464 , 310.978 , 
18 , 370.639 , 27.2459 , 118.556 , 306.404 , 
19 , 363.116 , 25.9921 , 126.623 , 302.286 , 
20 , 355.884 , 25.2235 , 134.642 , 298.342 , 
21 , 348.221 , 24.7093 , 142.589 , 294.016 , 
22 , 340.253 , 24.4326 , 150.452 , 289.396 , 
23 , 332.283 , 24.4281 , 158.223 , 284.706 , 
24 , 324.469 , 24.7071 , 165.892 , 280.062 , 
25 , 316.797 , 25.2531 , 173.446 , 275.445 , 
26 , 309.146 , 26.0319 , 180.874 , 270.758 , 
27 , 301.602 , 27.0408 , 188.166 , 266.06 , 
28 , 294.255 , 28.2769 , 195.318 , 261.414 , 
29 , 287.1 , 29.7233 , 202.32 , 256.811 , 
30 , 280.022 , 31.3471 , 209.163 , 252.159 , 
31 , 272.868 , 33.1097 , 215.838 , 247.334 , 
32 , 265.717 , 35.0069 , 222.34 , 242.394 , 
33 , 258.703 , 37.0423 , 228.671 , 237.435 , 
34 , 251.934 , 39.2174 , 234.83 , 232.537 , 
35 , 245.495 , 41.5313 , 240.816 , 227.76 , 
36 , 239.436 , 43.98 , 246.629 , 223.138 , 
37 , 233.773 , 46.5565 , 252.266 , 218.679 , 
38 , 228.484 , 49.2504 , 257.724 , 214.363 , 
39 , 223.504 , 52.0477 , 262.997 , 210.137 , 
40 , 218.719 , 54.9305 , 268.079 , 205.908 , 
41 , 214.011 , 57.8804 , 272.964 , 201.584 , 
42 , 209.398 , 60.8913 , 277.651 , 197.176 , 
43 , 204.934 , 63.9598 , 282.145 , 192.721 , 
44 , 200.667 , 67.0826 , 286.446 , 188.255 , 
45 , 196.636 , 70.2562 , 290.557 , 183.803 , 
46 , 192.871 , 73.4768 , 294.481 , 179.387 , 
47 , 189.392 , 76.7403 , 298.218 , 175.02 , 
48 , 186.211 , 80.0426 , 301.77 , 170.708 , 
49 , 183.326 , 83.3793 , 305.137 , 166.447 , 
50 , 180.724 , 86.7458 , 308.318 , 162.227 , 
51 , 178.389 , 90.1373 , 311.312 , 158.032 , 
52 , 176.34 , 93.55 , 314.122 , 153.875 , 
53 , 174.599 , 96.9798 , 316.753 , 149.771 , 
54 , 173.184 , 100.423 , 319.208 , 145.735 , 
55 , 172.109 , 103.876 , 321.491 , 141.774 , 
56 , 171.38 , 107.334 , 323.605 , 137.893 , 
57 , 170.999 , 110.793 , 325.552 , 134.093 , 
58 , 170.961 , 114.251 , 327.334 , 130.367 , 
59 , 171.252 , 117.702 , 328.953 , 126.706 , 
60 , 171.853 , 121.143 , 330.41 , 123.095 , 
61 , 172.745 , 124.57 , 331.705 , 119.517 , 
62 , 173.935 , 127.98 , 332.844 , 115.979 , 
63 , 175.434 , 131.37 , 333.829 , 112.488 , 
64 , 177.254 , 134.737 , 334.667 , 109.054 , 
65 , 179.402 , 138.08 , 335.361 , 105.683 , 
66 , 181.882 , 141.394 , 335.915 , 102.379 , 
67 , 184.698 , 144.68 , 336.332 , 99.1446 , 
68 , 187.849 , 147.933 , 336.617 , 95.9796 , 
69 , 191.331 , 151.154 , 336.771 , 92.8824 , 
70 , 195.139 , 154.339 , 336.797 , 89.8487 , 
71 , 199.264 , 157.488 , 336.697 , 86.8741 , 
72 , 203.711 , 160.599 , 336.476 , 83.9621 , 
73 , 208.483 , 163.669 , 336.138 , 81.1174 , 
74 , 213.582 , 166.697 , 335.688 , 78.3436 , 
75 , 219.011 , 169.682 , 335.13 , 75.6431 , 
76 , 224.768 , 172.621 , 334.469 , 73.017 , 
77 , 230.851 , 175.514 , 333.708 , 70.4655 , 
78 , 237.256 , 178.358 , 332.85 , 67.9869 , 
79 , 243.976 , 181.154 , 331.899 , 65.5785 , 
80 , 251.004 , 183.9 , 330.857 , 63.2361 , 
81 , 258.33 , 186.596 , 329.727 , 60.9555 , 
82 , 265.954 , 189.24 , 328.513 , 58.7385 , 
83 , 273.876 , 191.832 , 327.219 , 56.5878 , 
84 , 282.096 , 194.37 , 325.851 , 54.5057 , 
85 , 290.612 , 196.853 , 324.412 , 52.4937 , 
86 , 299.421 , 199.281 , 322.907 , 50.5526 , 
87 , 308.52 , 201.653 , 321.339 , 48.6825 , 
88 , 317.904 , 203.969 , 319.712 , 46.8827 , 
89 , 327.567 , 206.228 , 318.028 , 45.1517 , 
90 , 337.501 , 208.43 , 316.291 , 43.4873 , 
91 , 347.7 , 210.574 , 314.503 , 41.8872 , 
92 , 358.16 , 212.662 , 312.668 , 40.3518 , 
93 , 368.877 , 214.692 , 310.79 , 38.8819 , 
94 , 379.847 , 216.663 , 308.872 , 37.4779 , 
95 , 391.064 , 218.577 , 306.919 , 36.1396 , 
96 , 402.523 , 220.432 , 304.933 , 34.8664 , 
97 , 414.218 , 222.23 , 302.916 , 33.657 , 
98 , 426.141 , 223.969 , 300.873 , 32.5097 , 
99 , 438.284 , 225.651 , 298.805 , 31.4222 , 
100 , 450.637 , 227.276 , 296.713 , 30.3915 , 
101 , 463.193 , 228.844 , 294.601 , 29.4151 , 
102 , 475.946 , 230.356 , 292.472 , 28.4936 , 
103 , 488.892 , 231.81 , 290.329 , 27.6283 , 
104 , 502.027 , 233.208 , 288.178 , 26.8203 , 
105 , 515.348 , 234.549 , 286.022 , 26.0704 , 
106 , 528.848 , 235.833 , 283.864 , 25.3792 , 
107 , 542.522 , 237.06 , 281.708 , 24.7472 , 
108 , 556.365 , 238.23 , 279.558 , 24.1746 , 
109 , 570.371 , 239.344 , 277.416 , 23.6611 , 
110 , 584.533 , 240.401 , 275.285 , 23.2066 , 
111 , 598.844 , 241.403 , 273.169 , 22.8103 , 
112 , 613.298 , 242.348 , 271.069 , 22.4713 , 
113 , 627.885 , 243.239 , 268.988 , 22.1886 , 
114 , 642.599 , 244.076 , 266.927 , 21.9605 , 
115 , 657.43 , 244.859 , 264.889 , 21.7855 , 
116 , 672.37 , 245.589 , 262.875 , 21.6612 , 
117 , 687.409 , 246.267 , 260.887 , 21.5855 , 
118 , 702.537 , 246.893 , 258.924 , 21.5555 , 
119 , 717.744 , 247.469 , 256.987 , 21.5682 , 
120 , 733.019 , 247.996 , 255.078 , 21.6203 , 
121 , 748.352 , 248.475 , 253.196 , 21.7086 , 
122 , 763.735 , 248.906 , 251.343 , 21.8326 , 
123 , 779.162 , 249.29 , 249.523 , 21.9923 , 
124 , 794.627 , 249.626 , 247.738 , 22.1876 , 
125 , 810.122 , 249.917 , 245.991 , 22.4184 , 
126 , 825.642 , 250.161 , 244.283 , 22.6844 , 
127 , 841.18 , 250.36 , 242.617 , 22.9852 , 
128 , 856.728 , 250.514 , 240.995 , 23.3204 , 
129 , 872.279 , 250.623 , 239.418 , 23.6892 , 
130 , 887.826 , 250.689 , 237.889 , 24.0912 , 
131 , 903.362 , 250.711 , 236.409 , 24.5254 , 
132 , 918.879 , 250.691 , 234.978 , 24.991 , 
133 , 934.369 , 250.63 , 233.599 , 25.4869 , 
134 , 949.826 , 250.527 , 232.272 , 26.0121 , 
135 , 965.24 , 250.383 , 230.998 , 26.5651 , 
136 , 980.604 , 250.2 , 229.778 , 27.1447 , 
137 , 995.91 , 249.978 , 228.611 , 27.7494 , 
138 , 1011.15 , 249.719 , 227.498 , 28.3774 , 
139 , 1026.31 , 249.422 , 226.438 , 29.0271 , 
140 , 1041.4 , 249.088 , 225.432 , 29.6965 , 
141 , 1056.38 , 248.72 , 224.479 , 30.3839 , 
142 , 1071.28 , 248.316 , 223.579 , 31.0885 , 
143 , 1086.06 , 247.878 , 222.736 , 31.8098 , 
144 , 1100.74 , 247.407 , 221.948 , 32.5471 , 
145 , 1115.29 , 246.903 , 221.219 , 33.2999 , 
146 , 1129.72 , 246.366 , 220.548 , 34.0675 , 
147 , 1144.02 , 245.798 , 219.936 , 34.8491 , 
148 , 1158.19 , 245.198 , 219.385 , 35.6439 , 
149 , 1172.2 , 244.569 , 218.894 , 36.4512 , 
150 , 1186.07 , 243.909 , 218.463 , 37.2699 , 
151 , 1199.78 , 243.221 , 218.094 , 38.0993 , 
152 , 1213.33 , 242.504 , 217.786 , 38.9382 , 
153 , 1226.71 , 241.759 , 217.539 , 39.7857 , 
154 , 1239.91 , 240.988 , 217.353 , 40.6406 , 
155 , 1252.93 , 240.19 , 217.228 , 41.5018 , 
156 , 1265.76 , 239.366 , 217.162 , 42.368 , 
157 , 1278.4 , 238.518 , 217.155 , 43.238 , 
158 , 1290.83 , 237.645 , 217.207 , 44.1105 , 
159 , 1303.06 , 236.748 , 217.315 , 44.9841 , 
160 , 1315.07 , 235.829 , 217.48 , 45.8572 , 
161 , 1326.87 , 234.888 , 217.699 , 46.7286 , 
162 , 1338.44 , 233.925 , 217.973 , 47.5975 , 
163 , 1349.77 , 232.941 , 218.302 , 48.4635 , 
164 , 1360.88 , 231.937 , 218.685 , 49.3259 , 
165 , 1371.74 , 230.912 , 219.124 , 50.1842 , 
166 , 1382.37 , 229.869 , 219.618 , 51.0378 , 
167 , 1392.74 , 228.808 , 220.167 , 51.8861 , 
168 , 1402.86 , 227.728 , 220.77 , 52.7284 , 
169 , 1412.73 , 226.63 , 221.428 , 53.5643 , 
170 , 1422.33 , 225.516 , 222.139 , 54.393 , 
171 , 1431.67 , 224.386 , 222.903 , 55.2139 , 
172 , 1440.74 , 223.24 , 223.72 , 56.0263 , 
173 , 1449.54 , 222.078 , 224.588 , 56.8296 , 
174 , 1458.07 , 220.902 , 225.506 , 57.6231 , 
175 , 1466.31 , 219.711 , 226.475 , 58.4061 , 
176 , 1474.27 , 218.507 , 227.491 , 59.1779 , 
177 , 1481.95 , 217.29 , 228.554 , 59.9378 , 
178 , 1489.34 , 216.06 , 229.663 , 60.6849 , 
179 , 1496.44 , 214.818 , 230.816 , 61.4187 , 
180 , 1503.24 , 213.564 , 232.012 , 62.1383 , 
181 , 1509.75 , 212.299 , 233.247 , 62.843 , 
182 , 1515.96 , 211.023 , 234.523 , 63.5324 , 
183 , 1521.86 , 209.736 , 235.838 , 64.2061 , 
184 , 1527.47 , 208.44 , 237.192 , 64.8639 , 
185 , 1532.77 , 207.135 , 238.585 , 65.5053 , 
186 , 1537.76 , 205.821 , 240.015 , 66.13 , 
187 , 1542.44 , 204.498 , 241.481 , 66.7378 , 
188 , 1546.82 , 203.168 , 242.984 , 67.3283 , 
189 , 1550.88 , 201.83 , 244.521 , 67.9012 , 
190 , 1554.63 , 200.485 , 246.092 , 68.4562 , 
191 , 1558.07 , 199.133 , 247.696 , 68.993 , 
192 , 1561.19 , 197.776 , 249.332 , 69.5113 , 
193 , 1564 , 196.412 , 250.998 , 70.0108 , 
194 , 1566.5 , 195.043 , 252.693 , 70.4913 , 
195 , 1568.68 , 193.668 , 254.415 , 70.9525 , 
196 , 1570.55 , 192.289 , 256.164 , 71.3941 , 
197 , 1572.1 , 190.906 , 257.936 , 71.8159 , 
198 , 1573.34 , 189.518 , 259.732 , 72.2176 , 
199 , 1574.26 , 188.126 , 261.548 , 72.5991 , 
200 , 1574.88 , 186.731 , 263.384 , 72.96 , 
201 , 1575.18 , 185.332 , 265.236 , 73.3002 , 
202 , 1575.18 , 183.931 , 267.105 , 73.6196 , 
203 , 1574.86 , 182.527 , 268.99 , 73.9181 , 
204 , 1574.24 , 181.121 , 270.89 , 74.1957 , 
205 , 1573.3 , 179.713 , 272.804 , 74.4524 , 
206 , 1572.06 , 178.304 , 274.731 , 74.6881 , 
207 , 1570.51 , 176.894 , 276.671 , 74.9029 , 
208 , 1568.66 , 175.483 , 278.623 , 75.0967 , 
209 , 1566.5 , 174.071 , 280.585 , 75.2696 , 
210 , 1564.04 , 172.66 , 282.557 , 75.4216 , 
211 , 1561.28 , 171.249 , 284.537 , 75.5529 , 
212 , 1558.22 , 169.839 , 286.526 , 75.6634 , 
213 , 1554.87 , 168.429 , 288.52 , 75.7534 , 
214 , 1551.22 , 167.021 , 290.52 , 75.8228 , 
215 , 1547.29 , 165.614 , 292.525 , 75.8718 , 
216 , 1543.06 , 164.208 , 294.532 , 75.9006 , 
217 , 1538.55 , 162.805 , 296.541 , 75.9094 , 
218 , 1533.76 , 161.403 , 298.55 , 75.8983 , 
219 , 1528.69 , 160.004 , 300.557 , 75.8675 , 
220 , 1523.35 , 158.607 , 302.563 , 75.8173 , 
221 , 1517.74 , 157.212 , 304.564 , 75.7479 , 
222 , 1511.86 , 155.82 , 306.56 , 75.6595 , 
223 , 1505.72 , 154.431 , 308.548 , 75.5524 , 
224 , 1499.32 , 153.045 , 310.528 , 75.427 , 
225 , 1492.67 , 151.661 , 312.497 , 75.2835 , 
226 , 1485.78 , 150.281 , 314.454 , 75.1223 , 
227 , 1478.64 , 148.904 , 316.399 , 74.9436 , 
228 , 1471.26 , 147.531 , 318.33 , 74.7476 , 
229 , 1463.65 , 146.161 , 320.246 , 74.5346 , 
230 , 1455.8 , 144.796 , 322.148 , 74.3048 , 
231 , 1447.72 , 143.434 , 324.035 , 74.0585 , 
232 , 1439.41 , 142.078 , 325.905 , 73.796 , 
233 , 1430.88 , 140.726 , 327.759 , 73.5176 , 
234 , 1422.14 , 139.379 , 329.595 , 73.2237 , 
235 , 1413.18 , 138.037 , 331.412 , 72.9146 , 
236 , 1404.01 , 136.701 , 333.211 , 72.5906 , 
237 , 1394.63 , 135.37 , 334.99 , 72.2521 , 
238 , 1385.06 , 134.045 , 336.749 , 71.8995 , 
239 , 1375.29 , 132.725 , 338.486 , 71.5333 , 
240 , 1365.34 , 131.412 , 340.201 , 71.1538 , 
241 , 1355.2 , 130.104 , 341.894 , 70.7615 , 
242 , 1344.88 , 128.803 , 343.563 , 70.3569 , 
243 , 1334.38 , 127.508 , 345.207 , 69.9404 , 
244 , 1323.72 , 126.219 , 346.826 , 69.5126 , 
245 , 1312.9 , 124.937 , 348.419 , 69.074 , 
246 , 1301.92 , 123.661 , 349.985 , 68.625 , 
247 , 1290.8 , 122.392 , 351.524 , 68.1664 , 
248 , 1279.53 , 121.129 , 353.033 , 67.6985 , 
249 , 1268.13 , 119.872 , 354.513 , 67.2221 , 
250 , 1256.6 , 118.622 , 355.962 , 66.7378 , 
251 , 1244.95 , 117.378 , 357.38 , 66.2461 , 
252 , 1233.19 , 116.141 , 358.766 , 65.7474 , 
253 , 1221.31 , 114.91 , 360.12 , 65.242 , 
254 , 1209.32 , 113.687 , 361.442 , 64.7305 , 
255 , 1197.24 , 112.47 , 362.731 , 64.213 , 
256 , 1185.05 , 111.261 , 363.987 , 63.69 , 
257 , 1172.77 , 110.059 , 365.209 , 63.162 , 
258 , 1160.41 , 108.864 , 366.398 , 62.6292 , 
259 , 1147.96 , 107.677 , 367.553 , 62.0921 , 
260 , 1135.43 , 106.498 , 368.674 , 61.5512 , 
261 , 1122.83 , 105.327 , 369.761 , 61.0069 , 
262 , 1110.17 , 104.163 , 370.813 , 60.4596 , 
263 , 1097.44 , 103.008 , 371.83 , 59.9097 , 
264 , 1084.66 , 101.86 , 372.811 , 59.3579 , 
265 , 1071.83 , 100.721 , 373.758 , 58.8044 , 
266 , 1058.96 , 99.5892 , 374.668 , 58.2499 , 
267 , 1046.04 , 98.4659 , 375.543 , 57.6948 , 
268 , 1033.1 , 97.3508 , 376.382 , 57.1397 , 
269 , 1020.13 , 96.2439 , 377.184 , 56.585 , 
270 , 1007.14 , 95.1451 , 377.95 , 56.0313 , 
271 , 994.141 , 94.0544 , 378.679 , 55.4792 , 
272 , 981.133 , 92.9719 , 379.371 , 54.9292 , 
273 , 968.126 , 91.8974 , 380.025 , 54.3819 , 
274 , 955.125 , 90.831 , 380.643 , 53.8379 , 
275 , 942.139 , 89.7725 , 381.223 , 53.2977 , 
276 , 929.174 , 88.7219 , 381.766 , 52.762 , 
277 , 916.234 , 87.6793 , 382.271 , 52.2311 , 
278 , 903.325 , 86.6447 , 382.739 , 51.7053 , 
279 , 890.45 , 85.6182 , 383.169 , 51.185 , 
280 , 877.615 , 84.5998 , 383.563 , 50.6706 , 
281 , 864.824 , 83.5897 , 383.92 , 50.1623 , 
282 , 852.082 , 82.5878 , 384.24 , 49.6606 , 
283 , 839.394 , 81.5941 , 384.524 , 49.1658 , 
284 , 826.764 , 80.6088 , 384.772 , 48.6782 , 
285 , 814.198 , 79.6317 , 384.984 , 48.1982 , 
286 , 801.701 , 78.663 , 385.161 , 47.7262 , 
287 , 789.277 , 77.7026 , 385.303 , 47.2626 , 
288 , 776.931 , 76.7505 , 385.41 , 46.8076 , 
289 , 764.67 , 75.8066 , 385.482 , 46.3618 , 
290 , 752.496 , 74.871 , 385.521 , 45.9255 , 
291 , 740.417 , 73.9436 , 385.525 , 45.4991 , 
292 , 728.437 , 73.0243 , 385.496 , 45.0829 , 
293 , 716.561 , 72.1131 , 385.435 , 44.6775 , 
294 , 704.794 , 71.2099 , 385.341 , 44.283 , 
295 , 693.142 , 70.3146 , 385.215 , 43.9001 , 
296 , 681.611 , 69.4272 , 385.058 , 43.529 , 
297 , 670.205 , 68.5475 , 384.869 , 43.1703 , 
298 , 658.93 , 67.6754 , 384.65 , 42.8242 , 
299 , 647.792 , 66.8108 , 384.402 , 42.4913 , 
300 , 636.796 , 65.9536 , 384.123 , 42.1719 , 
301 , 625.946 , 65.1036 , 383.816 , 41.8665 , 
302 , 615.247 , 64.2609 , 383.481 , 41.5752 , 
303 , 604.7 , 63.4257 , 383.118 , 41.298 , 
304 , 594.308 , 62.5979 , 382.726 , 41.0351 , 
305 , 584.073 , 61.7777 , 382.308 , 40.7866 , 
306 , 573.997 , 60.9651 , 381.862 , 40.5525 , 
307 , 564.083 , 60.1603 , 381.39 , 40.3329 , 
308 , 554.331 , 59.3632 , 380.892 , 40.1279 , 
309 , 544.746 , 58.5739 , 380.368 , 39.9375 , 
310 , 535.328 , 57.7926 , 379.819 , 39.7618 , 
311 , 526.08 , 57.0191 , 379.245 , 39.6009 , 
312 , 517.004 , 56.2537 , 378.647 , 39.4548 , 
313 , 508.1 , 55.4963 , 378.025 , 39.3236 , 
314 , 499.373 , 54.7469 , 377.379 , 39.2073 , 
315 , 490.822 , 54.0056 , 376.711 , 39.1059 , 
316 , 482.45 , 53.2725 , 376.02 , 39.0194 , 
317 , 474.259 , 52.5475 , 375.307 , 38.9479 , 
318 , 466.25 , 51.8306 , 374.574 , 38.8915 , 
319 , 458.425 , 51.1219 , 373.82 , 38.85 , 
320 , 450.784 , 50.4214 , 373.045 , 38.8235 , 
321 , 443.331 , 49.729 , 372.252 , 38.8121 , 
322 , 436.066 , 49.0448 , 371.439 , 38.8157 , 
323 , 428.99 , 48.3688 , 370.609 , 38.8342 , 
324 , 422.105 , 47.7008 , 369.761 , 38.8678 , 
325 , 415.412 , 47.041 , 368.896 , 38.9162 , 
326 , 408.912 , 46.3892 , 368.015 , 38.9797 , 
327 , 402.607 , 45.7455 , 367.118 , 39.058 , 
328 , 396.497 , 45.1098 , 366.207 , 39.1511 , 
329 , 390.583 , 44.482 , 365.282 , 39.2591 , 
330 , 384.866 , 43.8621 , 364.344 , 39.3818 , 
331 , 379.348 , 43.25 , 363.393 , 39.5192 , 
332 , 374.029 , 42.6457 , 362.431 , 39.6712 , 
333 , 368.909 , 42.0491 , 361.457 , 39.8377 , 
334 , 363.989 , 41.4601 , 360.474 , 40.0187 , 
335 , 359.271 , 40.8786 , 359.482 , 40.2141 , 
336 , 354.754 , 40.3046 , 358.481 , 40.4237 , 
337 , 350.439 , 39.7379 , 357.473 , 40.6476 , 
338 , 346.326 , 39.1785 , 356.458 , 40.8855 , 
339 , 342.416 , 38.6261 , 355.438 , 41.1373 , 
340 , 338.709 , 38.0808 , 354.413 , 41.403 , 
341 , 335.205 , 37.5424 , 353.384 , 41.6824 , 
342 , 331.905 , 37.0107 , 352.352 , 41.9754 , 
343 , 328.807 , 36.4856 , 351.318 , 42.2818 , 
344 , 325.913 , 35.967 , 350.284 , 42.6015 , 
345 , 323.223 , 35.4547 , 349.25 , 42.9343 , 
346 , 320.735 , 34.9485 , 348.217 , 43.2801 , 
347 , 318.45 , 34.4483 , 347.186 , 43.6386 , 
348 , 316.367 , 33.954 , 346.159 , 44.0098 , 
349 , 314.487 , 33.4653 , 345.136 , 44.3934 , 
350 , 312.808 , 32.982 , 344.118 , 44.7892 , 
351 , 311.331 , 32.504 , 343.107 , 45.1971 , 
352 , 310.053 , 32.0313 , 342.103 , 45.6168 , 
353 , 308.974 , 31.5638 , 341.107 , 46.0482 , 
354 , 308.094 , 31.1018 , 340.118 , 46.491 , 
355 , 307.41 , 30.645 , 339.138 , 46.9451 , 
356 , 306.922 , 30.1936 , 338.166 , 47.4103 , 
357 , 306.628 , 29.7476 , 337.203 , 47.8863 , 
358 , 306.527 , 29.3069 , 336.249 , 48.373 , 
359 , 306.617 , 28.8717 , 335.305 , 48.87 , 
360 , 306.896 , 28.4418 , 334.371 , 49.3772 , 
361 , 307.364 , 28.0174 , 333.447 , 49.8944 , 
362 , 308.017 , 27.5984 , 332.535 , 50.4212 , 
363 , 308.855 , 27.1848 , 331.633 , 50.9574 , 
364 , 309.874 , 26.7766 , 330.743 , 51.5028 , 
365 , 311.074 , 26.3738 , 329.866 , 52.0571 , 
366 , 312.451 , 25.9764 , 329 , 52.6199 , 
367 , 314.004 , 25.5844 , 328.148 , 53.191 , 
368 , 315.73 , 25.1977 , 327.308 , 53.7702 , 
369 , 317.626 , 24.8165 , 326.482 , 54.357 , 
370 , 319.691 , 24.4405 , 325.67 , 54.9513 , 
371 , 321.921 , 24.0699 , 324.873 , 55.5525 , 
372 , 324.313 , 23.7046 , 324.09 , 56.1606 , 
373 , 326.865 , 23.3445 , 323.323 , 56.775 , 
374 , 329.574 , 22.9897 , 322.571 , 57.3955 , 
375 , 332.436 , 22.6401 , 321.835 , 58.0216 , 
376 , 335.449 , 22.2957 , 321.116 , 58.6531 , 
377 , 338.609 , 21.9564 , 320.413 , 59.2896 , 
378 , 341.912 , 21.6222 , 319.728 , 59.9306 , 
379 , 345.356 , 21.2931 , 319.06 , 60.5759 , 
380 , 348.936 , 20.9689 , 318.41 , 61.2249 , 
381 , 352.648 , 20.6498 , 317.779 , 61.8774 , 
382 , 356.49 , 20.3355 , 317.167 , 62.5328 , 
383 , 360.457 , 20.0261 , 316.574 , 63.1908 , 
384 , 364.544 , 19.7214 , 316 , 63.8509 , 
385 , 368.749 , 19.4215 , 315.447 , 64.5126 , 
386 , 373.066 , 19.1263 , 314.914 , 65.1757 , 
387 , 377.491 , 18.8357 , 314.403 , 65.8395 , 
388 , 382.019 , 18.5496 , 313.912 , 66.5036 , 
389 , 386.647 , 18.2679 , 313.444 , 67.1676 , 
390 , 391.369 , 17.9907 , 312.997 , 67.8309 , 
391 , 396.18 , 17.7177 , 312.573 , 68.4931 , 
392 , 401.076 , 17.4489 , 312.173 , 69.1536 , 
393 , 406.051 , 17.1843 , 311.796 , 69.812 , 
394 , 411.1 , 16.9237 , 311.442 , 70.4677 , 
395 , 416.218 , 16.6671 , 311.113 , 71.1202 , 
396 , 421.4 , 16.4143 , 310.809 , 71.7689 , 
397 , 426.639 , 16.1652 , 310.53 , 72.4134 , 
398 , 431.931 , 15.9198 , 310.277 , 73.0529 , 
399 , 437.269 , 15.678 , 310.049 , 73.6871 , 
400 , 442.647 , 15.4395 , 309.848 , 74.3152 , 
401 , 448.061 , 15.2044 , 309.674 , 74.9368 , 
402 , 453.507 , 14.9727 , 309.527 , 75.5517 , 
403 , 458.984 , 14.7442 , 309.407 , 76.1596 , 
404 , 464.488 , 14.519 , 309.313 , 76.7606 , 
405 , 470.02 , 14.2972 , 309.247 , 77.3543 , 
406 , 475.575 , 14.0786 , 309.206 , 77.9407 , 
407 , 481.153 , 13.8633 , 309.193 , 78.5195 , 
408 , 486.75 , 13.6513 , 309.205 , 79.0907 , 
409 , 492.365 , 13.4426 , 309.244 , 79.6541 , 
410 , 497.994 , 13.2371 , 309.31 , 80.2096 , 
411 , 503.637 , 13.0349 , 309.401 , 80.7569 , 
412 , 509.29 , 12.8359 , 309.519 , 81.2959 , 
413 , 514.951 , 12.6402 , 309.662 , 81.8265 , 
414 , 520.618 , 12.4476 , 309.831 , 82.3484 , 
415 , 526.288 , 12.2582 , 310.025 , 82.8617 , 
416 , 531.958 , 12.072 , 310.245 , 83.3659 , 
417 , 537.626 , 11.8889 , 310.49 , 83.8612 , 
418 , 543.289 , 11.709 , 310.76 , 84.3471 , 
419 , 548.944 , 11.5321 , 311.055 , 84.8237 , 
420 , 554.589 , 11.3584 , 311.374 , 85.2906 , 
421 , 560.221 , 11.1876 , 311.718 , 85.7479 , 
422 , 565.837 , 11.0199 , 312.086 , 86.1952 , 
423 , 571.435 , 10.8552 , 312.478 , 86.6324 , 
424 , 577.01 , 10.6935 , 312.893 , 87.0594 , 
425 , 582.561 , 10.5347 , 313.332 , 87.476 , 
426 , 588.083 , 10.3788 , 313.794 , 87.882 , 
427 , 593.575 , 10.2257 , 314.279 , 88.2773 , 
428 , 599.033 , 10.0755 , 314.787 , 88.6616 , 
429 , 604.454 , 9.9281 , 315.316 , 89.0348 , 
430 , 609.835 , 9.78343 , 315.868 , 89.3967 , 
431 , 615.172 , 9.64148 , 316.441 , 89.7472 , 
432 , 620.461 , 9.50219 , 317.036 , 90.0861 , 
433 , 625.701 , 9.36554 , 317.652 , 90.4131 , 
434 , 630.887 , 9.23146 , 318.288 , 90.7282 , 
435 , 636.015 , 9.09993 , 318.945 , 91.0311 , 
436 , 641.083 , 8.97089 , 319.621 , 91.3217 , 
437 , 646.087 , 8.84428 , 320.317 , 91.5997 , 
438 , 651.023 , 8.72007 , 321.032 , 91.8651 , 
439 , 655.887 , 8.59819 , 321.766 , 92.1176 , 
440 , 660.676 , 8.47859 , 322.518 , 92.357 , 
441 , 665.386 , 8.36122 , 323.288 , 92.5831 , 
442 , 670.013 , 8.24603 , 324.076 , 92.7958 , 
443 , 674.553 , 8.13294 , 324.88 , 92.9949 , 
444 , 679.003 , 8.0219 , 325.701 , 93.1802 , 
445 , 683.358 , 7.91286 , 326.538 , 93.3515 , 
446 , 687.615 , 7.80573 , 327.39 , 93.5086 , 
447 , 691.769 , 7.70047 , 328.258 , 93.6514 , 
448 , 695.816 , 7.597 , 329.14 , 93.7795 , 
449 , 699.752 , 7.49526 , 330.036 , 93.8929 , 
450 , 703.573 , 7.39517 , 330.946 , 93.9914 , 
451 , 707.276 , 7.29667 , 331.868 , 94.0747 , 
452 , 710.858 , 7.19974 , 332.803 , 94.1431 , 
453 , 714.321 , 7.10439 , 333.751 , 94.1964 , 
454 , 717.664 , 7.01061 , 334.71 , 94.2349 , 
455 , 720.887 , 6.91839 , 335.68 , 94.2587 , 
456 , 723.99 , 6.82772 , 336.662 , 94.2678 , 
457 , 726.972 , 6.7386 , 337.655 , 94.2624 , 
458 , 729.834 , 6.65101 , 338.658 , 94.2425 , 
459 , 732.576 , 6.56496 , 339.67 , 94.2084 , 
460 , 735.198 , 6.48043 , 340.693 , 94.1602 , 
461 , 737.699 , 6.39741 , 341.724 , 94.0979 , 
462 , 740.08 , 6.31589 , 342.764 , 94.0217 , 
463 , 742.341 , 6.23587 , 343.812 , 93.9317 , 
464 , 744.482 , 6.15733 , 344.868 , 93.8282 , 
465 , 746.502 , 6.08027 , 345.931 , 93.7111 , 
466 , 748.403 , 6.00466 , 347.001 , 93.5808 , 
467 , 750.184 , 5.9305 , 348.078 , 93.4373 , 
468 , 751.845 , 5.85777 , 349.16 , 93.2809 , 
469 , 753.387 , 5.78646 , 350.247 , 93.1116 , 
470 , 754.809 , 5.71657 , 351.34 , 92.9296 , 
471 , 756.112 , 5.64806 , 352.437 , 92.7352 , 
472 , 757.297 , 5.58093 , 353.537 , 92.5285 , 
473 , 758.363 , 5.51516 , 354.641 , 92.3096 , 
474 , 759.311 , 5.45074 , 355.748 , 92.0789 , 
475 , 760.141 , 5.38765 , 356.856 , 91.8364 , 
476 , 760.854 , 5.32587 , 357.967 , 91.5824 , 
477 , 761.449 , 5.26538 , 359.078 , 91.317 , 
478 , 761.928 , 5.20617 , 360.19 , 91.0406 , 
479 , 762.29 , 5.14822 , 361.301 , 90.7532 , 
480 , 762.536 , 5.0915 , 362.412 , 90.4552 , 
481 , 762.667 , 5.03599 , 363.522 , 90.1467 , 
482 , 762.683 , 4.98169 , 364.629 , 89.828 , 
483 , 762.584 , 4.92855 , 365.734 , 89.4992 , 
484 , 762.372 , 4.87657 , 366.836 , 89.1607 , 
485 , 762.046 , 4.82572 , 367.934 , 88.8127 , 
486 , 761.607 , 4.77598 , 369.027 , 88.4555 , 
487 , 761.056 , 4.72732 , 370.115 , 88.0892 , 
488 , 760.394 , 4.67971 , 371.197 , 87.7142 , 
489 , 759.621 , 4.63314 , 372.273 , 87.3306 , 
490 , 758.737 , 4.58758 , 373.341 , 86.9389 , 
491 , 757.744 , 4.54299 , 374.401 , 86.5392 , 
492 , 756.643 , 4.49937 , 375.452 , 86.1318 , 
493 , 755.433 , 4.45666 , 376.494 , 85.717 , 
494 , 754.117 , 4.41486 , 377.525 , 85.2952 , 
495 , 752.694 , 4.37393 , 378.546 , 84.8665 , 
496 , 751.165 , 4.33383 , 379.555 , 84.4314 , 
497 , 749.532 , 4.29455 , 380.551 , 83.99 , 
498 , 747.795 , 4.25605 , 381.534 , 83.5428 , 
499 , 745.955 , 4.21829 , 382.503 , 83.09 , 
500 , 744.014 , 4.18125 , 383.456 , 82.632 , 
501 , 741.972 , 4.1449 , 384.394 , 82.169 , 
502 , 739.83 , 4.10923 , 385.317 , 81.7013 , 
503 , 737.592 , 4.07423 , 386.223 , 81.2291 , 
504 , 735.259 , 4.03991 , 387.112 , 80.7526 , 
505 , 732.832 , 4.00626 , 387.985 , 80.2721 , 
506 , 730.314 , 3.97328 , 388.841 , 79.7878 , 
507 , 727.707 , 3.94096 , 389.679 , 79.2998 , 
508 , 725.013 , 3.9093 , 390.501 , 78.8085 , 
509 , 722.234 , 3.87829 , 391.304 , 78.3141 , 
510 , 719.372 , 3.84794 , 392.09 , 77.8168 , 
511 , 716.43 , 3.81822 , 392.858 , 77.3168 , 
512 , 713.41 , 3.78915 , 393.607 , 76.8145 , 
513 , 710.314 , 3.76072 , 394.337 , 76.31 , 
514 , 707.144 , 3.73292 , 395.049 , 75.8036 , 
515 , 703.903 , 3.70574 , 395.742 , 75.2955 , 
516 , 700.594 , 3.67918 , 396.415 , 74.7862 , 
517 , 697.218 , 3.65324 , 397.069 , 74.2757 , 
518 , 693.779 , 3.6279 , 397.703 , 73.7643 , 
519 , 690.278 , 3.60316 , 398.316 , 73.2524 , 
520 , 686.72 , 3.57902 , 398.91 , 72.7403 , 
521 , 683.105 , 3.55547 , 399.482 , 72.2281 , 
522 , 679.437 , 3.53251 , 400.034 , 71.7162 , 
523 , 675.719 , 3.51011 , 400.565 , 71.2049 , 
524 , 671.954 , 3.48829 , 401.074 , 70.6945 , 
525 , 668.144 , 3.46702 , 401.562 , 70.1852 , 
526 , 664.292 , 3.44631 , 402.027 , 69.6774 , 
527 , 660.401 , 3.42614 , 402.471 , 69.1714 , 
528 , 656.475 , 3.40652 , 402.891 , 68.6675 , 
529 , 652.516 , 3.38742 , 403.29 , 68.1659 , 
530 , 648.527 , 3.36884 , 403.665 , 67.6671 , 
531 , 644.512 , 3.35077 , 404.017 , 67.1713 , 
532 , 640.473 , 3.3332 , 404.345 , 66.6789 , 
533 , 636.414 , 3.31613 , 404.649 , 66.1902 , 
534 , 632.338 , 3.29955 , 404.93 , 65.7055 , 
535 , 628.249 , 3.28343 , 405.186 , 65.2252 , 
536 , 624.149 , 3.26779 , 405.417 , 64.7495 , 
537 , 620.043 , 3.2526 , 405.623 , 64.279 , 
538 , 615.933 , 3.23785 , 405.805 , 63.8138 , 
539 , 611.824 , 3.22354 , 405.96 , 63.3544 , 
540 , 607.718 , 3.20966 , 406.09 , 62.9011 , 
541 , 603.62 , 3.19618 , 406.194 , 62.4543 , 
542 , 599.533 , 3.18311 , 406.271 , 62.0143 , 
543 , 595.461 , 3.17043 , 406.322 , 61.5816 , 
544 , 591.407 , 3.15814 , 406.345 , 61.1564 , 
545 , 587.376 , 3.1462 , 406.342 , 60.7392 , 
546 , 583.371 , 3.13463 , 406.31 , 60.3304 , 
547 , 579.396 , 3.12339 , 406.251 , 59.9303 , 
548 , 575.455 , 3.11249 , 406.164 , 59.5394 , 
549 , 571.552 , 3.10191 , 406.049 , 59.158 , 
550 , 567.692 , 3.09163 , 405.904 , 58.7866 , 
551 , 563.877 , 3.08165 , 405.731 , 58.4254 , 
552 , 560.11 , 3.07196 , 405.529 , 58.0747 , 
553 , 556.393 , 3.06255 , 405.298 , 57.7344 , 
554 , 552.727 , 3.05344 , 405.038 , 57.4046 , 
555 , 549.113 , 3.04461 , 404.75 , 57.0855 , 
556 , 545.554 , 3.03607 , 404.433 , 56.777 , 
557 , 542.051 , 3.02781 , 404.088 , 56.4792 , 
558 , 538.605 , 3.01984 , 403.716 , 56.1922 , 
559 , 535.218 , 3.01214 , 403.315 , 55.916 , 
560 , 531.893 , 3.00473 , 402.887 , 55.6507 , 
561 , 528.63 , 2.99759 , 402.431 , 55.3963 , 
562 , 525.431 , 2.99072 , 401.947 , 55.1529 , 
563 , 522.298 , 2.98413 , 401.437 , 54.9206 , 
564 , 519.234 , 2.97781 , 400.9 , 54.6994 , 
565 , 516.238 , 2.97175 , 400.335 , 54.4893 , 
566 , 513.314 , 2.96597 , 399.745 , 54.2905 , 
567 , 510.463 , 2.96044 , 399.127 , 54.1029 , 
568 , 507.687 , 2.95518 , 398.484 , 53.9267 , 
569 , 504.987 , 2.95018 , 397.815 , 53.7618 , 
570 , 502.366 , 2.94544 , 397.12 , 53.6083 , 
571 , 499.826 , 2.94095 , 396.399 , 53.4663 , 
572 , 497.367 , 2.93671 , 395.653 , 53.3359 , 
573 , 494.993 , 2.93272 , 394.883 , 53.217 , 
574 , 492.704 , 2.92898 , 394.087 , 53.1097 , 
575 , 490.504 , 2.92548 , 393.267 , 53.014 , 
576 , 488.393 , 2.92222 , 392.422 , 52.9301 , 
577 , 486.374 , 2.9192 , 391.553 , 52.858 , 
578 , 484.448 , 2.91641 , 390.661 , 52.7976 , 
579 , 482.618 , 2.91386 , 389.745 , 52.7491 , 
580 , 480.886 , 2.91153 , 388.806 , 52.7124 , 
581 , 479.253 , 2.90943 , 387.844 , 52.6877 , 
582 , 477.722 , 2.90755 , 386.859 , 52.675 , 
583 , 476.294 , 2.90589 , 385.852 , 52.6742 , 
584 , 474.973 , 2.90445 , 384.822 , 52.6855 , 
585 , 473.758 , 2.90321 , 383.771 , 52.7089 , 
586 , 472.654 , 2.90218 , 382.698 , 52.7445 , 
587 , 471.662 , 2.90136 , 381.604 , 52.7922 , 
588 , 470.783 , 2.90074 , 380.49 , 52.8521 , 
589 , 470.021 , 2.90031 , 379.354 , 52.9242 , 
590 , 469.377 , 2.90008 , 378.199 , 53.0086 , 
591 , 468.853 , 2.90004 , 377.023 , 53.1053 , 
592 , 468.452 , 2.90018 , 375.828 , 53.2144 , 
593 , 468.175 , 2.9005 , 374.614 , 53.3358 , 
594 , 468.026 , 2.90099 , 373.381 , 53.4697 , 
595 , 468.006 , 2.90166 , 372.129 , 53.616 , 
596 , 468.117 , 2.90249 , 370.859 , 53.7747 , 
597 , 468.362 , 2.90349 , 369.572 , 53.946 , 
598 , 468.742 , 2.90465 , 368.267 , 54.1297 , 
599 , 469.261 , 2.90596 , 366.945 , 54.3261 , 
600 , 469.92 , 2.90742 , 365.606 , 54.535 , 
601 , 470.722 , 2.90902 , 364.252 , 54.7565 , 
602 , 471.666 , 2.91077 , 362.881 , 54.9904 , 
603 , 472.751 , 2.91266 , 361.495 , 55.2366 , 
604 , 473.978 , 2.91468 , 360.093 , 55.495 , 
605 , 475.344 , 2.91685 , 358.677 , 55.7653 , 
606 , 476.85 , 2.91915 , 357.246 , 56.0474 , 
607 , 478.494 , 2.92159 , 355.801 , 56.3411 , 
608 , 480.276 , 2.92416 , 354.342 , 56.6462 , 
609 , 482.195 , 2.92687 , 352.87 , 56.9626 , 
610 , 484.25 , 2.92971 , 351.385 , 57.29 , 
611 , 486.441 , 2.93267 , 349.888 , 57.6284 , 
612 , 488.766 , 2.93576 , 348.378 , 57.9774 , 
613 , 491.225 , 2.93898 , 346.856 , 58.3369 , 
614 , 493.816 , 2.94232 , 345.323 , 58.7068 , 
615 , 496.539 , 2.94579 , 343.779 , 59.0867 , 
616 , 499.392 , 2.94937 , 342.225 , 59.4765 , 
617 , 502.376 , 2.95307 , 340.661 , 59.876 , 
618 , 505.488 , 2.95689 , 339.086 , 60.285 , 
619 , 508.727 , 2.96082 , 337.503 , 60.7032 , 
620 , 512.093 , 2.96487 , 335.911 , 61.1304 , 
621 , 515.585 , 2.96902 , 334.31 , 61.5665 , 
622 , 519.201 , 2.97329 , 332.701 , 62.0111 , 
623 , 522.94 , 2.97766 , 331.085 , 62.4642 , 
624 , 526.801 , 2.98213 , 329.462 , 62.9253 , 
625 , 530.783 , 2.98671 , 327.833 , 63.3943 , 
626 , 534.884 , 2.99138 , 326.197 , 63.871 , 
627 , 539.104 , 2.99615 , 324.556 , 64.355 , 
628 , 543.44 , 3.00102 , 322.91 , 64.8462 , 
629 , 547.893 , 3.00598 , 321.259 , 65.3443 , 
630 , 552.46 , 3.01103 , 319.604 , 65.8491 , 
631 , 557.14 , 3.01617 , 317.946 , 66.3602 , 
632 , 561.931 , 3.02139 , 316.284 , 66.8774 , 
633 , 566.833 , 3.0267 , 314.62 , 67.4005 , 
634 , 571.844 , 3.03209 , 312.954 , 67.9292 , 
635 , 576.962 , 3.03755 , 311.286 , 68.4632 , 
636 , 582.186 , 3.04309 , 309.617 , 69.0022 , 
637 , 587.514 , 3.04871 , 307.948 , 69.546 , 
638 , 592.946 , 3.05439 , 306.279 , 70.0942 , 
639 , 598.478 , 3.06014 , 304.611 , 70.6466 , 
640 , 604.11 , 3.06595 , 302.944 , 71.2029 , 
641 , 609.84 , 3.07183 , 301.278 , 71.7628 , 
642 , 615.667 , 3.07776 , 299.615 , 72.3259 , 
643 , 621.588 , 3.08375 , 297.955 , 72.892 , 
644 , 627.602 , 3.08979 , 296.299 , 73.4608 , 
645 , 633.708 , 3.09588 , 294.646 , 74.0319 , 
646 , 639.903 , 3.10202 , 292.998 , 74.605 , 
647 , 646.185 , 3.10821 , 291.356 , 75.1799 , 
648 , 652.554 , 3.11443 , 289.719 , 75.7561 , 
649 , 659.007 , 3.12069 , 288.089 , 76.3334 , 
650 , 665.541 , 3.12698 , 286.466 , 76.9114 , 
651 , 672.157 , 3.13331 , 284.851 , 77.4898 , 
652 , 678.85 , 3.13966 , 283.244 , 78.0685 , 
653 , 685.618 , 3.14605 , 281.645 , 78.6471 , 
654 , 692.461 , 3.15246 , 280.054 , 79.2255 , 
655 , 699.374 , 3.15889 , 278.472 , 79.8036 , 
656 , 706.355 , 3.16534 , 276.899 , 80.381 , 
657 , 713.403 , 3.17182 , 275.335 , 80.9577 , 
658 , 720.515 , 3.17831 , 273.781 , 81.5333 , 
659 , 727.688 , 3.18483 , 272.236 , 82.1078 , 
660 , 734.919 , 3.19135 , 270.7 , 82.6808 , 
661 , 742.206 , 3.19789 , 269.175 , 83.2522 , 
662 , 749.547 , 3.20444 , 267.66 , 83.8218 , 
663 , 756.939 , 3.211 , 266.156 , 84.3894 , 
664 , 764.379 , 3.21757 , 264.663 , 84.9546 , 
665 , 771.864 , 3.22414 , 263.18 , 85.5174 , 
666 , 779.392 , 3.23071 , 261.709 , 86.0775 , 
667 , 786.96 , 3.23729 , 260.249 , 86.6346 , 
668 , 794.565 , 3.24387 , 258.801 , 87.1886 , 
669 , 802.205 , 3.25044 , 257.365 , 87.7392 , 
670 , 809.876 , 3.257 , 255.942 , 88.2861 , 
671 , 817.575 , 3.26356 , 254.531 , 88.8292 , 
672 , 825.299 , 3.27012 , 253.132 , 89.3682 , 
673 , 833.047 , 3.27665 , 251.747 , 89.9029 , 
674 , 840.813 , 3.28318 , 250.375 , 90.433 , 
675 , 848.597 , 3.28969 , 249.016 , 90.9583 , 
676 , 856.393 , 3.29618 , 247.671 , 91.4785 , 
677 , 864.2 , 3.30265 , 246.34 , 91.9934 , 
678 , 872.013 , 3.30909 , 245.024 , 92.5027 , 
679 , 879.831 , 3.31552 , 243.722 , 93.0062 , 
680 , 887.649 , 3.32191 , 242.435 , 93.5037 , 
681 , 895.465 , 3.32827 , 241.163 , 93.9948 , 
682 , 903.274 , 3.3346 , 239.906 , 94.4793 , 
683 , 911.074 , 3.3409 , 238.665 , 94.957 , 
684 , 918.862 , 3.34716 , 237.44 , 95.4275 , 
685 , 926.633 , 3.35338 , 236.231 , 95.8907 , 
686 , 934.385 , 3.35955 , 235.039 , 96.3462 , 
687 , 942.113 , 3.36568 , 233.863 , 96.7938 , 
688 , 949.815 , 3.37177 , 232.704 , 97.2331 , 
689 , 957.487 , 3.3778 , 231.562 , 97.664 , 
690 , 965.125 , 3.38378 , 230.438 , 98.0861 , 
691 , 972.725 , 3.38971 , 229.332 , 98.4991 , 
692 , 980.284 , 3.39557 , 228.244 , 98.9029 , 
693 , 987.799 , 3.40138 , 227.174 , 99.2969 , 
694 , 995.264 , 3.40712 , 226.123 , 99.6811 , 
695 , 1002.68 , 3.41279 , 225.091 , 100.055 , 
696 , 1010.03 , 3.4184 , 224.078 , 100.419 , 
697 , 1017.33 , 3.42393 , 223.085 , 100.771 , 
698 , 1024.56 , 3.42939 , 222.111 , 101.113 , 
699 , 1031.73 , 3.43477 , 221.158 , 101.443 , 
700 , 1038.82 , 3.44007 , 220.224 , 101.761 , 
701 , 1045.84 , 3.44529 , 219.312 , 102.068 , 
702 , 1052.78 , 3.45042 , 218.42 , 102.362 , 
703 , 1059.64 , 3.45547 , 217.549 , 102.644 , 
704 , 1066.42 , 3.46043 , 216.698 , 102.915 , 
705 , 1073.11 , 3.4653 , 215.868 , 103.173 , 
706 , 1079.72 , 3.47008 , 215.058 , 103.419 , 
707 , 1086.25 , 3.47477 , 214.268 , 103.653 , 
708 , 1092.69 , 3.47936 , 213.498 , 103.875 , 
709 , 1099.04 , 3.48387 , 212.749 , 104.085 , 
710 , 1105.3 , 3.48828 , 212.019 , 104.283 , 
711 , 1111.47 , 3.49259 , 211.31 , 104.469 , 
712 , 1117.54 , 3.4968 , 210.62 , 104.642 , 
713 , 1123.52 , 3.50092 , 209.95 , 104.804 , 
714 , 1129.4 , 3.50493 , 209.299 , 104.953 , 
715 , 1135.19 , 3.50885 , 208.669 , 105.09 , 
716 , 1140.87 , 3.51266 , 208.057 , 105.215 , 
717 , 1146.45 , 3.51637 , 207.465 , 105.328 , 
718 , 1151.92 , 3.51997 , 206.893 , 105.429 , 
719 , 1157.29 , 3.52347 , 206.339 , 105.518 , 
720 , 1162.55 , 3.52685 , 205.804 , 105.594 , 
721 , 1167.7 , 3.53013 , 205.289 , 105.659 , 
722 , 1172.74 , 3.5333 , 204.792 , 105.711 , 
723 , 1177.67 , 3.53635 , 204.313 , 105.751 , 
724 , 1182.48 , 3.53929 , 203.853 , 105.78 , 
725 , 1187.18 , 3.54212 , 203.412 , 105.796 , 
726 , 1191.75 , 3.54483 , 202.989 , 105.8 , 
727 , 1196.21 , 3.54742 , 202.584 , 105.792 , 
728 , 1200.54 , 3.54989 , 202.197 , 105.772 , 
729 , 1204.75 , 3.55225 , 201.828 , 105.74 , 
730 , 1208.84 , 3.55448 , 201.477 , 105.695 , 
731 , 1212.79 , 3.55658 , 201.143 , 105.639 , 
732 , 1216.62 , 3.55856 , 200.827 , 105.571 , 
733 , 1220.32 , 3.56042 , 200.528 , 105.491 , 
734 , 1223.88 , 3.56214 , 200.246 , 105.398 , 
735 , 1227.3 , 3.56374 , 199.981 , 105.294 , 
736 , 1230.59 , 3.56521 , 199.733 , 105.178 , 
737 , 1233.74 , 3.56654 , 199.501 , 105.05 , 
738 , 1236.75 , 3.56774 , 199.286 , 104.91 , 
739 , 1239.61 , 3.5688 , 199.087 , 104.758 , 
740 , 1242.33 , 3.56973 , 198.905 , 104.594 , 
741 , 1244.9 , 3.57051 , 198.738 , 104.419 , 
742 , 1247.32 , 3.57116 , 198.588 , 104.231 , 
743 , 1249.59 , 3.57167 , 198.452 , 104.032 , 
744 , 1251.7 , 3.57203 , 198.333 , 103.821 , 
745 , 1253.66 , 3.57225 , 198.228 , 103.598 , 
746 , 1255.47 , 3.57232 , 198.139 , 103.364 , 
747 , 1257.11 , 3.57224 , 198.064 , 103.117 , 
748 , 1258.59 , 3.57201 , 198.004 , 102.859 , 
749 , 1259.91 , 3.57164 , 197.959 , 102.59 , 
750 , 1261.06 , 3.5711 , 197.928 , 102.309 , 
751 , 1262.04 , 3.57042 , 197.911 , 102.016 , 
752 , 1262.85 , 3.56958 , 197.908 , 101.712 , 
753 , 1263.5 , 3.56858 , 197.918 , 101.396 , 
754 , 1263.99 , 3.56744 , 197.941 , 101.07 , 
755 , 1264.3 , 3.56613 , 197.978 , 100.732 , 
756 , 1264.45 , 3.56467 , 198.028 , 100.384 , 
757 , 1264.44 , 3.56306 , 198.09 , 100.025 , 
758 , 1264.27 , 3.56129 , 198.165 , 99.6562 , 
759 , 1263.93 , 3.55937 , 198.251 , 99.2769 , 
760 , 1263.43 , 3.5573 , 198.35 , 98.8876 , 
761 , 1262.77 , 3.55507 , 198.46 , 98.4885 , 
762 , 1261.96 , 3.55268 , 198.581 , 98.0797 , 
763 , 1260.98 , 3.55015 , 198.713 , 97.6615 , 
764 , 1259.84 , 3.54745 , 198.856 , 97.2341 , 
765 , 1258.55 , 3.54461 , 199.01 , 96.7976 , 
766 , 1257.1 , 3.54161 , 199.173 , 96.3523 , 
767 , 1255.5 , 3.53845 , 199.347 , 95.8983 , 
768 , 1253.74 , 3.53515 , 199.53 , 95.4359 , 
769 , 1251.83 , 3.53169 , 199.723 , 94.9653 , 
770 , 1249.76 , 3.52807 , 199.924 , 94.4866 , 
771 , 1247.55 , 3.52431 , 200.134 , 94.0001 , 
772 , 1245.18 , 3.52039 , 200.353 , 93.5061 , 
773 , 1242.67 , 3.51631 , 200.579 , 93.0047 , 
774 , 1240.01 , 3.51209 , 200.814 , 92.4961 , 
775 , 1237.2 , 3.50771 , 201.056 , 91.9806 , 
776 , 1234.25 , 3.50318 , 201.305 , 91.4584 , 
777 , 1231.15 , 3.4985 , 201.56 , 90.9297 , 
778 , 1227.91 , 3.49367 , 201.823 , 90.3948 , 
779 , 1224.52 , 3.48868 , 202.091 , 89.8539 , 
780 , 1221 , 3.48355 , 202.365 , 89.3072 , 
781 , 1217.33 , 3.47826 , 202.645 , 88.755 , 
782 , 1213.53 , 3.47282 , 202.93 , 88.1974 , 
783 , 1209.59 , 3.46723 , 203.219 , 87.6349 , 
784 , 1205.51 , 3.4615 , 203.513 , 87.0675 , 
785 , 1201.3 , 3.45561 , 203.811 , 86.4956 , 
786 , 1196.95 , 3.44957 , 204.113 , 85.9194 , 
787 , 1192.48 , 3.44338 , 204.418 , 85.3391 , 
788 , 1187.87 , 3.43705 , 204.726 , 84.7551 , 
789 , 1183.13 , 3.43056 , 205.037 , 84.1675 , 
790 , 1178.27 , 3.42393 , 205.35 , 83.5767 , 
791 , 1173.28 , 3.41715 , 205.665 , 82.9829 , 
792 , 1168.16 , 3.41022 , 205.981 , 82.3863 , 
793 , 1162.92 , 3.40314 , 206.299 , 81.7873 , 
794 , 1157.56 , 3.39592 , 206.617 , 81.1861 , 
795 , 1152.08 , 3.38855 , 206.935 , 80.583 , 
796 , 1146.48 , 3.38103 , 207.253 , 79.9783 , 
797 , 1140.76 , 3.37337 , 207.571 , 79.3723 , 
798 , 1134.92 , 3.36556 , 207.888 , 78.7652 , 
799 , 1128.97 , 3.35761 , 208.204 , 78.1573 , 
800 , 1122.91 , 3.34951 , 208.518 , 77.5489 , 
801 , 1116.74 , 3.34127 , 208.829 , 76.9403 , 
802 , 1110.46 , 3.33289 , 209.139 , 76.3318 , 
803 , 1104.07 , 3.32436 , 209.446 , 75.7233 , 
804 , 1097.58 , 3.3157 , 209.75 , 75.1151 , 
805 , 1090.99 , 3.30689 , 210.051 , 74.5074 , 
806 , 1084.29 , 3.29795 , 210.35 , 73.9004 , 
807 , 1077.5 , 3.28886 , 210.646 , 73.2941 , 
808 , 1070.61 , 3.27964 , 210.938 , 72.6888 , 
809 , 1063.63 , 3.27029 , 211.227 , 72.0846 , 
810 , 1056.56 , 3.2608 , 211.512 , 71.4817 , 
811 , 1049.4 , 3.25118 , 211.793 , 70.8803 , 
812 , 1042.16 , 3.24143 , 212.071 , 70.2806 , 
813 , 1034.83 , 3.23155 , 212.344 , 69.6826 , 
814 , 1027.42 , 3.22154 , 212.613 , 69.0867 , 
815 , 1019.93 , 3.2114 , 212.878 , 68.493 , 
816 , 1012.37 , 3.20113 , 213.138 , 67.9016 , 
817 , 1004.73 , 3.19074 , 213.393 , 67.3128 , 
818 , 997.028 , 3.18023 , 213.644 , 66.7267 , 
819 , 989.252 , 3.16959 , 213.889 , 66.1435 , 
820 , 981.411 , 3.15883 , 214.129 , 65.5634 , 
821 , 973.508 , 3.14795 , 214.363 , 64.9866 , 
822 , 965.544 , 3.13696 , 214.591 , 64.4132 , 
823 , 957.523 , 3.12584 , 214.814 , 63.8436 , 
824 , 949.447 , 3.11462 , 215.031 , 63.2778 , 
825 , 941.32 , 3.10327 , 215.241 , 62.716 , 
826 , 933.143 , 3.09182 , 215.445 , 62.1585 , 
827 , 924.921 , 3.08025 , 215.642 , 61.6055 , 
828 , 916.655 , 3.06857 , 215.832 , 61.0571 , 
829 , 908.348 , 3.05679 , 216.016 , 60.5135 , 
830 , 900.005 , 3.0449 , 216.192 , 59.975 , 
831 , 891.626 , 3.0329 , 216.36 , 59.4418 , 
832 , 883.217 , 3.0208 , 216.522 , 58.914 , 
833 , 874.778 , 3.0086 , 216.675 , 58.3918 , 
834 , 866.314 , 2.9963 , 216.82 , 57.8756 , 
835 , 857.828 , 2.9839 , 216.957 , 57.3654 , 
836 , 849.322 , 2.9714 , 217.085 , 56.8615 , 
837 , 840.801 , 2.9588 , 217.205 , 56.3642 , 
838 , 832.266 , 2.94612 , 217.316 , 55.8735 , 
839 , 823.721 , 2.93334 , 217.418 , 55.3898 , 
840 , 815.17 , 2.92047 , 217.511 , 54.9133 , 
841 , 806.615 , 2.90751 , 217.594 , 54.4441 , 
842 , 798.06 , 2.89447 , 217.667 , 53.9825 , 
843 , 789.508 , 2.88133 , 217.731 , 53.5288 , 
844 , 780.963 , 2.86812 , 217.784 , 53.0831 , 
845 , 772.428 , 2.85483 , 217.827 , 52.6457 , 
846 , 763.906 , 2.84145 , 217.86 , 52.2167 , 
847 , 755.401 , 2.828 , 217.881 , 51.7965 , 
848 , 746.916 , 2.81447 , 217.892 , 51.3853 , 
849 , 738.454 , 2.80087 , 217.891 , 50.9833 , 
850 , 730.02 , 2.78719 , 217.879 , 50.5907 , 
851 , 721.616 , 2.77345 , 217.855 , 50.2077 , 
852 , 713.244 , 2.75963 , 217.82 , 49.8344 , 
853 , 704.906 , 2.74575 , 217.773 , 49.4707 , 
854 , 696.604 , 2.7318 , 217.714 , 49.1167 , 
855 , 688.339 , 2.71779 , 217.644 , 48.7723 , 
856 , 680.113 , 2.70372 , 217.562 , 48.4376 , 
857 , 671.928 , 2.68958 , 217.469 , 48.1126 , 
858 , 663.785 , 2.67539 , 217.365 , 47.7972 , 
859 , 655.686 , 2.66113 , 217.249 , 47.4914 , 
860 , 647.632 , 2.64682 , 217.122 , 47.1952 , 
861 , 639.626 , 2.63246 , 216.984 , 46.9087 , 
862 , 631.669 , 2.61804 , 216.835 , 46.6317 , 
863 , 623.763 , 2.60358 , 216.675 , 46.3644 , 
864 , 615.909 , 2.58906 , 216.504 , 46.1067 , 
865 , 608.11 , 2.57449 , 216.322 , 45.8585 , 
866 , 600.367 , 2.55988 , 216.129 , 45.6199 , 
867 , 592.682 , 2.54522 , 215.925 , 45.3909 , 
868 , 585.057 , 2.53053 , 215.711 , 45.1714 , 
869 , 577.493 , 2.51579 , 215.486 , 44.9614 , 
870 , 569.993 , 2.50101 , 215.25 , 44.761 , 
871 , 562.559 , 2.48619 , 215.004 , 44.5701 , 
872 , 555.191 , 2.47134 , 214.748 , 44.3886 , 
873 , 547.893 , 2.45645 , 214.481 , 44.2167 , 
874 , 540.665 , 2.44154 , 214.203 , 44.0542 , 
875 , 533.511 , 2.42659 , 213.916 , 43.9012 , 
876 , 526.431 , 2.41161 , 213.619 , 43.7576 , 
877 , 519.428 , 2.39661 , 213.311 , 43.6234 , 
878 , 512.503 , 2.38159 , 212.993 , 43.4986 , 
879 , 505.659 , 2.36654 , 212.666 , 43.3832 , 
880 , 498.898 , 2.35147 , 212.329 , 43.2771 , 
881 , 492.221 , 2.33638 , 211.982 , 43.1804 , 
882 , 485.63 , 2.32128 , 211.625 , 43.093 , 
883 , 479.128 , 2.30616 , 211.259 , 43.0149 , 
884 , 472.717 , 2.29103 , 210.883 , 42.9461 , 
885 , 466.398 , 2.27589 , 210.498 , 42.8866 , 
886 , 460.174 , 2.26074 , 210.103 , 42.8362 , 
887 , 454.047 , 2.24558 , 209.699 , 42.7951 , 
888 , 448.018 , 2.23042 , 209.287 , 42.7631 , 
889 , 442.09 , 2.21526 , 208.865 , 42.7403 , 
890 , 436.266 , 2.20009 , 208.434 , 42.7267 , 
891 , 430.546 , 2.18493 , 207.994 , 42.7221 , 
892 , 424.933 , 2.16978 , 207.546 , 42.7267 , 
893 , 419.43 , 2.15462 , 207.088 , 42.7402 , 
894 , 414.038 , 2.13948 , 206.623 , 42.7628 , 
895 , 408.759 , 2.12435 , 206.148 , 42.7944 , 
896 , 403.597 , 2.10923 , 205.666 , 42.835 , 
897 , 398.553 , 2.09413 , 205.175 , 42.8845 , 
898 , 393.628 , 2.07904 , 204.676 , 42.9429 , 
899 , 388.826 , 2.06397 , 204.169 , 43.0101 , 
900 , 384.149 , 2.04893 , 203.653 , 43.0862 , 
901 , 379.598 , 2.0339 , 203.13 , 43.1711 , 
902 , 375.174 , 2.01891 , 202.6 , 43.2647 , 
903 , 370.876 , 2.00393 , 202.061 , 43.3667 , 
904 , 366.704 , 1.98899 , 201.516 , 43.4772 , 
905 , 362.658 , 1.97407 , 200.963 , 43.5959 , 
906 , 358.736 , 1.95919 , 200.403 , 43.7228 , 
907 , 354.94 , 1.94433 , 199.837 , 43.8575 , 
908 , 351.267 , 1.9295 , 199.264 , 44.0001 , 
909 , 347.719 , 1.9147 , 198.684 , 44.1504 , 
910 , 344.294 , 1.89994 , 198.098 , 44.3081 , 
911 , 340.992 , 1.88521 , 197.506 , 44.4733 , 
912 , 337.813 , 1.87052 , 196.909 , 44.6456 , 
913 , 334.756 , 1.85586 , 196.305 , 44.825 , 
914 , 331.821 , 1.84123 , 195.696 , 45.0113 , 
915 , 329.008 , 1.82665 , 195.082 , 45.2043 , 
916 , 326.315 , 1.8121 , 194.463 , 45.4038 , 
917 , 323.743 , 1.79759 , 193.839 , 45.6098 , 
918 , 321.29 , 1.78313 , 193.21 , 45.8221 , 
919 , 318.957 , 1.7687 , 192.577 , 46.0404 , 
920 , 316.743 , 1.75432 , 191.939 , 46.2647 , 
921 , 314.647 , 1.73998 , 191.298 , 46.4947 , 
922 , 312.67 , 1.72568 , 190.653 , 46.7302 , 
923 , 310.809 , 1.71143 , 190.004 , 46.9712 , 
924 , 309.065 , 1.69723 , 189.351 , 47.2174 , 
925 , 307.438 , 1.68308 , 188.696 , 47.4687 , 
926 , 305.926 , 1.66897 , 188.037 , 47.7248 , 
927 , 304.529 , 1.65491 , 187.376 , 47.9857 , 
928 , 303.247 , 1.64091 , 186.712 , 48.2511 , 
929 , 302.078 , 1.62696 , 186.046 , 48.5208 , 
930 , 301.023 , 1.61306 , 185.378 , 48.7946 , 
931 , 300.081 , 1.59921 , 184.708 , 49.0725 , 
932 , 299.25 , 1.58542 , 184.036 , 49.3541 , 
933 , 298.531 , 1.57168 , 183.363 , 49.6393 , 
934 , 297.923 , 1.55801 , 182.689 , 49.9279 , 
935 , 297.425 , 1.54439 , 182.014 , 50.2197 , 
936 , 297.036 , 1.53083 , 181.338 , 50.5145 , 
937 , 296.756 , 1.51733 , 180.662 , 50.8122 , 
938 , 296.584 , 1.5039 , 179.985 , 51.1124 , 
939 , 296.52 , 1.49052 , 179.309 , 51.4151 , 
940 , 296.562 , 1.47721 , 178.633 , 51.72 , 
941 , 296.71 , 1.46397 , 177.957 , 52.0269 , 
942 , 296.963 , 1.45079 , 177.283 , 52.3357 , 
943 , 297.321 , 1.43768 , 176.609 , 52.646 , 
944 , 297.782 , 1.42464 , 175.936 , 52.9577 , 
945 , 298.347 , 1.41167 , 175.266 , 53.2706 , 
946 , 299.013 , 1.39877 , 174.597 , 53.5844 , 
947 , 299.781 , 1.38594 , 173.93 , 53.8991 , 
948 , 300.649 , 1.37318 , 173.265 , 54.2142 , 
949 , 301.618 , 1.3605 , 172.603 , 54.5297 , 
950 , 302.685 , 1.34789 , 171.944 , 54.8453 , 
951 , 303.85 , 1.33536 , 171.288 , 55.1607 , 
952 , 305.112 , 1.32291 , 170.635 , 55.476 , 
953 , 306.468 , 1.31054 , 169.985 , 55.7908 , 
954 , 307.918 , 1.29824 , 169.339 , 56.1052 , 
955 , 309.458 , 1.28602 , 168.697 , 56.419 , 
956 , 311.089 , 1.27388 , 168.058 , 56.732 , 
957 , 312.808 , 1.26181 , 167.423 , 57.0441 , 
958 , 314.612 , 1.24983 , 166.792 , 57.3553 , 
959 , 316.501 , 1.23793 , 166.165 , 57.6653 , 
960 , 318.473 , 1.2261 , 165.542 , 57.9741 , 
961 , 320.525 , 1.21435 , 164.923 , 58.2815 , 
962 , 322.657 , 1.20269 , 164.309 , 58.5874 , 
963 , 324.865 , 1.1911 , 163.699 , 58.8916 , 
964 , 327.149 , 1.17959 , 163.094 , 59.194 , 
965 , 329.506 , 1.16817 , 162.494 , 59.4945 , 
966 , 331.934 , 1.15682 , 161.898 , 59.793 , 
967 , 334.432 , 1.14556 , 161.307 , 60.0893 , 
968 , 336.997 , 1.13438 , 160.722 , 60.3832 , 
969 , 339.627 , 1.12328 , 160.142 , 60.6747 , 
970 , 342.322 , 1.11226 , 159.567 , 60.9635 , 
971 , 345.078 , 1.10133 , 158.997 , 61.2496 , 
972 , 347.893 , 1.09047 , 158.433 , 61.5328 , 
973 , 350.766 , 1.0797 , 157.875 , 61.813 , 
974 , 353.694 , 1.06901 , 157.322 , 62.09 , 
975 , 356.676 , 1.05841 , 156.776 , 62.3637 , 
976 , 359.709 , 1.04789 , 156.236 , 62.6338 , 
977 , 362.791 , 1.03745 , 155.701 , 62.9004 , 
978 , 365.92 , 1.02709 , 155.174 , 63.1632 , 
979 , 369.094 , 1.01682 , 154.652 , 63.4221 , 
980 , 372.31 , 1.00664 , 154.137 , 63.6769 , 
981 , 375.567 , 0.996535 , 153.629 , 63.9275 , 
982 , 378.862 , 0.986518 , 153.128 , 64.1737 , 
983 , 382.194 , 0.976586 , 152.634 , 64.4153 , 
984 , 385.559 , 0.966739 , 152.147 , 64.6523 , 
985 , 388.956 , 0.956978 , 151.667 , 64.8845 , 
986 , 392.381 , 0.947302 , 151.195 , 65.1116 , 
987 , 395.834 , 0.937712 , 150.73 , 65.3336 , 
988 , 399.312 , 0.928208 , 150.273 , 65.5503 , 
989 , 402.811 , 0.918791 , 149.823 , 65.7615 , 
990 , 406.331 , 0.909459 , 149.382 , 65.9671 , 
991 , 409.868 , 0.900214 , 148.948 , 66.1668 , 
992 , 413.42 , 0.891056 , 148.523 , 66.3606 , 
993 , 416.984 , 0.881985 , 148.106 , 66.5483 , 
994 , 420.559 , 0.873002 , 147.698 , 66.7297 , 
995 , 424.142 , 0.864105 , 147.298 , 66.9046 , 
996 , 427.73 , 0.855296 , 146.907 , 67.0729 , 
997 , 431.321 , 0.846575 , 146.525 , 67.2343 , 
998 , 434.912 , 0.837942 , 146.152 , 67.3889 , 
999 , 438.5 , 0.829396 , 145.788 , 67.5362 , 
1000 , 442.084 , 0.820939 , 145.434 , 67.6763 , 
1001 , 445.66 , 0.812571 , 145.089 , 67.8089 , 
1002 , 449.228 , 0.80429 , 144.754 , 67.934 , 
1003 , 452.786 , 0.796098 , 144.427 , 68.0517 , 
1004 , 456.333 , 0.787992 , 144.111 , 68.162 , 
1005 , 459.867 , 0.779974 , 143.803 , 68.2648 , 
1006 , 463.388 , 0.772042 , 143.505 , 68.3603 , 
1007 , 466.894 , 0.764196 , 143.216 , 68.4484 , 
1008 , 470.384 , 0.756436 , 142.936 , 68.5291 , 
1009 , 473.856 , 0.748762 , 142.666 , 68.6026 , 
1010 , 477.31 , 0.741173 , 142.404 , 68.6687 , 
1011 , 480.743 , 0.733668 , 142.152 , 68.7276 , 
1012 , 484.156 , 0.726247 , 141.908 , 68.7792 , 
1013 , 487.546 , 0.71891 , 141.673 , 68.8236 , 
1014 , 490.912 , 0.711657 , 141.448 , 68.8607 , 
1015 , 494.253 , 0.704486 , 141.231 , 68.8907 , 
1016 , 497.567 , 0.697398 , 141.022 , 68.9136 , 
1017 , 500.854 , 0.690392 , 140.823 , 68.9293 , 
1018 , 504.111 , 0.683467 , 140.632 , 68.9379 , 
1019 , 507.337 , 0.676623 , 140.45 , 68.9394 , 
1020 , 510.532 , 0.66986 , 140.276 , 68.9339 , 
1021 , 513.693 , 0.663177 , 140.111 , 68.9214 , 
1022 , 516.819 , 0.656574 , 139.954 , 68.9019 , 
1023 , 519.909 , 0.650049 , 139.805 , 68.8754 , 
1024 , 522.962 , 0.643604 , 139.665 , 68.842 , 
1025 , 525.976 , 0.637236 , 139.533 , 68.8017 , 
1026 , 528.949 , 0.630946 , 139.409 , 68.7545 , 
1027 , 531.88 , 0.624732 , 139.293 , 68.7004 , 
1028 , 534.768 , 0.618596 , 139.185 , 68.6396 , 
1029 , 537.611 , 0.612535 , 139.085 , 68.5719 , 
1030 , 540.408 , 0.606549 , 138.994 , 68.4975 , 
1031 , 543.157 , 0.600639 , 138.909 , 68.4164 , 
1032 , 545.857 , 0.594802 , 138.833 , 68.3286 , 
1033 , 548.506 , 0.58904 , 138.765 , 68.2342 , 
1034 , 551.103 , 0.58335 , 138.704 , 68.1331 , 
1035 , 553.646 , 0.577733 , 138.65 , 68.0254 , 
1036 , 556.134 , 0.572188 , 138.604 , 67.9112 , 
1037 , 558.565 , 0.566714 , 138.566 , 67.7905 , 
1038 , 560.938 , 0.561311 , 138.535 , 67.6633 , 
1039 , 563.25 , 0.555978 , 138.511 , 67.5296 , 
1040 , 565.502 , 0.550714 , 138.494 , 67.3895 , 
1041 , 567.69 , 0.545519 , 138.484 , 67.2431 , 
1042 , 569.813 , 0.540392 , 138.482 , 67.0903 , 
1043 , 571.87 , 0.535333 , 138.486 , 66.9313 , 
1044 , 573.86 , 0.530341 , 138.498 , 66.7659 , 
1045 , 575.779 , 0.525415 , 138.516 , 66.5944 , 
1046 , 577.628 , 0.520554 , 138.541 , 66.4166 , 
1047 , 579.404 , 0.515758 , 138.572 , 66.2328 , 
1048 , 581.105 , 0.511027 , 138.61 , 66.0428 , 
1049 , 582.731 , 0.506358 , 138.655 , 65.8468 , 
1050 , 584.278 , 0.501753 , 138.706 , 65.6447 , 
1051 , 585.747 , 0.49721 , 138.763 , 65.4367 , 
1052 , 587.136 , 0.492728 , 138.827 , 65.2228 , 
1053 , 588.446 , 0.488307 , 138.896 , 65.0032 , 
1054 , 589.677 , 0.483948 , 138.972 , 64.7778 , 
1055 , 590.83 , 0.479649 , 139.053 , 64.547 , 
1056 , 591.904 , 0.475411 , 139.14 , 64.3107 , 
1057 , 592.899 , 0.471232 , 139.232 , 64.069 , 
1058 , 593.816 , 0.467113 , 139.33 , 63.8222 , 
1059 , 594.655 , 0.463052 , 139.433 , 63.5702 , 
1060 , 595.416 , 0.459051 , 139.541 , 63.3133 , 
1061 , 596.1 , 0.455108 , 139.653 , 63.0514 , 
1062 , 596.706 , 0.451222 , 139.771 , 62.7848 , 
1063 , 597.234 , 0.447394 , 139.893 , 62.5136 , 
1064 , 597.686 , 0.443624 , 140.02 , 62.2378 , 
1065 , 598.06 , 0.439909 , 140.15 , 61.9576 , 
1066 , 598.358 , 0.436251 , 140.285 , 61.6732 , 
1067 , 598.58 , 0.432649 , 140.424 , 61.3845 , 
1068 , 598.725 , 0.429102 , 140.567 , 61.0918 , 
1069 , 598.794 , 0.425611 , 140.713 , 60.7952 , 
1070 , 598.787 , 0.422173 , 140.863 , 60.4948 , 
1071 , 598.705 , 0.41879 , 141.016 , 60.1907 , 
1072 , 598.547 , 0.41546 , 141.172 , 59.883 , 
1073 , 598.314 , 0.412183 , 141.331 , 59.5719 , 
1074 , 598.006 , 0.408959 , 141.493 , 59.2575 , 
1075 , 597.624 , 0.405787 , 141.658 , 58.9399 , 
1076 , 597.167 , 0.402667 , 141.825 , 58.6193 , 
1077 , 596.636 , 0.399598 , 141.994 , 58.2958 , 
1078 , 596.031 , 0.39658 , 142.166 , 57.9695 , 
1079 , 595.353 , 0.393612 , 142.339 , 57.6405 , 
1080 , 594.601 , 0.390694 , 142.514 , 57.3091 , 
1081 , 593.776 , 0.387824 , 142.691 , 56.9752 , 
1082 , 592.879 , 0.385004 , 142.869 , 56.6391 , 
1083 , 591.908 , 0.382232 , 143.049 , 56.3009 , 
1084 , 590.866 , 0.379507 , 143.23 , 55.9607 , 
1085 , 589.751 , 0.37683 , 143.411 , 55.6187 , 
1086 , 588.565 , 0.374199 , 143.593 , 55.275 , 
1087 , 587.308 , 0.371615 , 143.776 , 54.9298 , 
1088 , 585.979 , 0.369075 , 143.959 , 54.5831 , 
1089 , 584.58 , 0.366581 , 144.142 , 54.2352 , 
1090 , 583.11 , 0.364131 , 144.325 , 53.8862 , 
1091 , 581.57 , 0.361726 , 144.508 , 53.5362 , 
1092 , 579.96 , 0.359363 , 144.691 , 53.1853 , 
1093 , 578.281 , 0.357043 , 144.872 , 52.8338 , 
1094 , 576.532 , 0.354765 , 145.053 , 52.4817 , 
1095 , 574.715 , 0.352529 , 145.233 , 52.1293 , 
1096 , 572.829 , 0.350334 , 145.412 , 51.7766 , 
1097 , 570.874 , 0.348179 , 145.59 , 51.4238 , 
1098 , 568.852 , 0.346064 , 145.765 , 51.0712 , 
1099 , 566.763 , 0.343988 , 145.939 , 50.7187 , 
1100 , 564.606 , 0.341951 , 146.111 , 50.3666 , 
1101 , 562.383 , 0.339952 , 146.281 , 50.015 , 
1102 , 560.094 , 0.33799 , 146.448 , 49.6641 , 
1103 , 557.741 , 0.336066 , 146.613 , 49.3139 , 
1104 , 555.325 , 0.334179 , 146.776 , 48.9645 , 
1105 , 552.848 , 0.332328 , 146.936 , 48.616 , 
1106 , 550.311 , 0.330514 , 147.093 , 48.2685 , 
1107 , 547.715 , 0.328736 , 147.247 , 47.9221 , 
1108 , 545.062 , 0.326994 , 147.399 , 47.5768 , 
1109 , 542.353 , 0.325288 , 147.547 , 47.2329 , 
1110 , 539.59 , 0.323616 , 147.693 , 46.8903 , 
1111 , 536.774 , 0.32198 , 147.835 , 46.5492 , 
1112 , 533.907 , 0.320378 , 147.974 , 46.2097 , 
1113 , 530.989 , 0.31881 , 148.11 , 45.8718 , 
1114 , 528.023 , 0.317276 , 148.242 , 45.5357 , 
1115 , 525.01 , 0.315776 , 148.371 , 45.2014 , 
1116 , 521.952 , 0.314309 , 148.496 , 44.8692 , 
1117 , 518.849 , 0.312874 , 148.617 , 44.539 , 
1118 , 515.704 , 0.311472 , 148.735 , 44.2109 , 
1119 , 512.519 , 0.310103 , 148.848 , 43.8851 , 
1120 , 509.293 , 0.308765 , 148.957 , 43.5617 , 
1121 , 506.03 , 0.307459 , 149.062 , 43.2408 , 
1122 , 502.731 , 0.306183 , 149.163 , 42.9224 , 
1123 , 499.396 , 0.304939 , 149.26 , 42.6067 , 
1124 , 496.029 , 0.303725 , 149.352 , 42.2938 , 
1125 , 492.631 , 0.30254 , 149.439 , 41.9838 , 
1126 , 489.202 , 0.301386 , 149.521 , 41.6768 , 
1127 , 485.745 , 0.30026 , 149.599 , 41.3729 , 
1128 , 482.262 , 0.299164 , 149.672 , 41.0721 , 
1129 , 478.754 , 0.298095 , 149.74 , 40.7748 , 
1130 , 475.222 , 0.297055 , 149.803 , 40.4808 , 
1131 , 471.669 , 0.296043 , 149.86 , 40.1903 , 
1132 , 468.096 , 0.295058 , 149.912 , 39.9036 , 
1133 , 464.505 , 0.294099 , 149.959 , 39.6205 , 
1134 , 460.898 , 0.293167 , 150 , 39.3414 , 
1135 , 457.275 , 0.292262 , 150.035 , 39.0662 , 
1136 , 453.64 , 0.291381 , 150.064 , 38.7951 , 
1137 , 449.994 , 0.290526 , 150.088 , 38.5282 , 
1138 , 446.338 , 0.289696 , 150.105 , 38.2656 , 
1139 , 442.674 , 0.28889 , 150.117 , 38.0074 , 
1140 , 439.005 , 0.288108 , 150.122 , 37.7538 , 
1141 , 435.332 , 0.28735 , 150.12 , 37.5049 , 
1142 , 431.656 , 0.286615 , 150.112 , 37.2607 , 
1143 , 427.98 , 0.285902 , 150.098 , 37.0215 , 
1144 , 424.305 , 0.285212 , 150.077 , 36.7872 , 
1145 , 420.634 , 0.284543 , 150.048 , 36.5581 , 
1146 , 416.968 , 0.283895 , 150.013 , 36.3342 , 
1147 , 413.308 , 0.283269 , 149.971 , 36.1157 , 
1148 , 409.658 , 0.282663 , 149.922 , 35.9027 , 
1149 , 406.019 , 0.282076 , 149.865 , 35.6953 , 
1150 , 402.392 , 0.28151 , 149.8 , 35.4937 , 
1151 , 398.78 , 0.280962 , 149.729 , 35.2979 , 
1152 , 395.183 , 0.280433 , 149.649 , 35.1079 , 
1153 , 391.603 , 0.279923 , 149.562 , 34.9237 , 
1154 , 388.041 , 0.279431 , 149.468 , 34.7454 , 
1155 , 384.497 , 0.278959 , 149.366 , 34.5728 , 
1156 , 380.972 , 0.278504 , 149.256 , 34.4059 , 
1157 , 377.467 , 0.278069 , 149.139 , 34.2449 , 
1158 , 373.983 , 0.277651 , 149.015 , 34.0895 , 
1159 , 370.522 , 0.277252 , 148.883 , 33.9398 , 
1160 , 367.083 , 0.276871 , 148.745 , 33.7958 , 
1161 , 363.669 , 0.276507 , 148.598 , 33.6574 , 
1162 , 360.28 , 0.276162 , 148.445 , 33.5247 , 
1163 , 356.916 , 0.275835 , 148.284 , 33.3976 , 
1164 , 353.58 , 0.275525 , 148.116 , 33.276 , 
1165 , 350.271 , 0.275233 , 147.941 , 33.1601 , 
1166 , 346.991 , 0.274958 , 147.759 , 33.0496 , 
1167 , 343.741 , 0.274701 , 147.57 , 32.9447 , 
1168 , 340.522 , 0.274461 , 147.374 , 32.8452 , 
1169 , 337.335 , 0.274239 , 147.171 , 32.7512 , 
1170 , 334.181 , 0.274033 , 146.96 , 32.6627 , 
1171 , 331.061 , 0.273844 , 146.743 , 32.5795 , 
1172 , 327.975 , 0.273672 , 146.519 , 32.5018 , 
1173 , 324.926 , 0.273517 , 146.288 , 32.4294 , 
1174 , 321.913 , 0.273378 , 146.051 , 32.3623 , 
1175 , 318.939 , 0.273256 , 145.806 , 32.3005 , 
1176 , 316.003 , 0.27315 , 145.555 , 32.244 , 
1177 , 313.108 , 0.27306 , 145.297 , 32.1928 , 
1178 , 310.254 , 0.272987 , 145.033 , 32.1468 , 
1179 , 307.442 , 0.272929 , 144.762 , 32.106 , 
1180 , 304.674 , 0.272887 , 144.484 , 32.0704 , 
1181 , 301.95 , 0.272861 , 144.2 , 32.0399 , 
1182 , 299.271 , 0.272851 , 143.909 , 32.0145 , 
1183 , 296.639 , 0.272856 , 143.612 , 31.9942 , 
1184 , 294.054 , 0.272876 , 143.308 , 31.9789 , 
1185 , 291.519 , 0.272912 , 142.998 , 31.9687 , 
1186 , 289.033 , 0.272962 , 142.682 , 31.9634 , 
1187 , 286.598 , 0.273028 , 142.36 , 31.9631 , 
1188 , 284.215 , 0.273108 , 142.031 , 31.9678 , 
1189 , 281.885 , 0.273203 , 141.696 , 31.9773 , 
1190 , 279.61 , 0.273313 , 141.355 , 31.9917 , 
1191 , 277.39 , 0.273437 , 141.008 , 32.011 , 
1192 , 275.227 , 0.273575 , 140.655 , 32.035 , 
1193 , 273.121 , 0.273727 , 140.296 , 32.0638 , 
1194 , 271.075 , 0.273894 , 139.931 , 32.0974 , 
1195 , 269.088 , 0.274074 , 139.56 , 32.1356 , 
1196 , 267.163 , 0.274267 , 139.183 , 32.1785 , 
1197 , 265.3 , 0.274474 , 138.8 , 32.2261 , 
1198 , 263.5 , 0.274695 , 138.412 , 32.2783 , 
1199 , 261.766 , 0.274929 , 138.018 , 32.335 , 
1200 , 260.097 , 0.275176 , 137.618 , 32.3962 , 
1201 , 258.496 , 0.275435 , 137.213 , 32.462 , 
1202 , 256.961 , 0.275708 , 136.802 , 32.5321 , 
1203 , 255.493 , 0.275993 , 136.386 , 32.6066 , 
1204 , 254.091 , 0.276291 , 135.965 , 32.6854 , 
1205 , 252.757 , 0.276602 , 135.538 , 32.7683 , 
1206 , 251.488 , 0.276924 , 135.106 , 32.8552 , 
1207 , 250.285 , 0.277259 , 134.67 , 32.9462 , 
1208 , 249.148 , 0.277607 , 134.228 , 33.041 , 
1209 , 248.077 , 0.277966 , 133.782 , 33.1397 , 
1210 , 247.071 , 0.278338 , 133.332 , 33.242 , 
1211 , 246.131 , 0.278721 , 132.877 , 33.3481 , 
1212 , 245.256 , 0.279116 , 132.417 , 33.4576 , 
1213 , 244.445 , 0.279523 , 131.954 , 33.5706 , 
1214 , 243.699 , 0.279942 , 131.486 , 33.687 , 
1215 , 243.018 , 0.280371 , 131.015 , 33.8066 , 
1216 , 242.4 , 0.280813 , 130.539 , 33.9294 , 
1217 , 241.847 , 0.281265 , 130.06 , 34.0553 , 
1218 , 241.357 , 0.281729 , 129.577 , 34.1842 , 
1219 , 240.931 , 0.282203 , 129.091 , 34.316 , 
1220 , 240.568 , 0.282689 , 128.601 , 34.4505 , 
1221 , 240.268 , 0.283185 , 128.108 , 34.5878 , 
1222 , 240.031 , 0.283692 , 127.612 , 34.7277 , 
1223 , 239.857 , 0.28421 , 127.113 , 34.8701 , 
1224 , 239.745 , 0.284738 , 126.612 , 35.0149 , 
1225 , 239.695 , 0.285276 , 126.107 , 35.162 , 
1226 , 239.707 , 0.285825 , 125.6 , 35.3113 , 
1227 , 239.78 , 0.286384 , 125.091 , 35.4627 , 
1228 , 239.915 , 0.286952 , 124.579 , 35.6162 , 
1229 , 240.111 , 0.287531 , 124.065 , 35.7715 , 
1230 , 240.368 , 0.288119 , 123.549 , 35.9286 , 
1231 , 240.685 , 0.288717 , 123.031 , 36.0875 , 
1232 , 241.062 , 0.289324 , 122.512 , 36.2479 , 
1233 , 241.5 , 0.28994 , 121.991 , 36.4099 , 
1234 , 241.997 , 0.290566 , 121.468 , 36.5732 , 
1235 , 242.554 , 0.291201 , 120.944 , 36.7378 , 
1236 , 243.169 , 0.291845 , 120.418 , 36.9036 , 
1237 , 243.844 , 0.292497 , 119.892 , 37.0705 , 
1238 , 244.577 , 0.293159 , 119.365 , 37.2383 , 
1239 , 245.369 , 0.293828 , 118.837 , 37.4069 , 
1240 , 246.219 , 0.294507 , 118.308 , 37.5763 , 
1241 , 247.126 , 0.295193 , 117.779 , 37.7464 , 
1242 , 248.091 , 0.295888 , 117.25 , 37.9169 , 
1243 , 249.113 , 0.29659 , 116.72 , 38.0879 , 
1244 , 250.192 , 0.297301 , 116.19 , 38.2591 , 
1245 , 251.327 , 0.298019 , 115.661 , 38.4306 , 
1246 , 252.518 , 0.298745 , 115.131 , 38.6021 , 
1247 , 253.765 , 0.299478 , 114.602 , 38.7735 , 
1248 , 255.068 , 0.300219 , 114.074 , 38.9448 , 
1249 , 256.426 , 0.300966 , 113.546 , 39.1158 , 
1250 , 257.839 , 0.301721 , 113.019 , 39.2865 , 
1251 , 259.307 , 0.302483 , 112.494 , 39.4566 , 
1252 , 260.828 , 0.303251 , 111.969 , 39.6261 , 
1253 , 262.401 , 0.304026 , 111.445 , 39.795 , 
1254 , 264.025 , 0.304807 , 110.923 , 39.9632 , 
1255 , 265.7 , 0.305594 , 110.402 , 40.1305 , 
1256 , 267.424 , 0.306387 , 109.882 , 40.2971 , 
1257 , 269.195 , 0.307185 , 109.364 , 40.4626 , 
1258 , 271.014 , 0.307989 , 108.848 , 40.6272 , 
1259 , 272.878 , 0.308799 , 108.333 , 40.7907 , 
1260 , 274.786 , 0.309613 , 107.82 , 40.9531 , 
1261 , 276.738 , 0.310432 , 107.308 , 41.1142 , 
1262 , 278.731 , 0.311256 , 106.799 , 41.274 , 
1263 , 280.766 , 0.312084 , 106.292 , 41.4325 , 
1264 , 282.84 , 0.312917 , 105.786 , 41.5895 , 
1265 , 284.953 , 0.313753 , 105.283 , 41.745 , 
1266 , 287.103 , 0.314593 , 104.782 , 41.8989 , 
1267 , 289.289 , 0.315437 , 104.283 , 42.0511 , 
1268 , 291.51 , 0.316284 , 103.787 , 42.2016 , 
1269 , 293.765 , 0.317134 , 103.293 , 42.3503 , 
1270 , 296.052 , 0.317988 , 102.802 , 42.4971 , 
1271 , 298.37 , 0.318843 , 102.314 , 42.6419 , 
1272 , 300.719 , 0.319702 , 101.828 , 42.7846 , 
1273 , 303.095 , 0.320562 , 101.345 , 42.9252 , 
1274 , 305.499 , 0.321425 , 100.865 , 43.0637 , 
1275 , 307.929 , 0.322289 , 100.388 , 43.1998 , 
1276 , 310.384 , 0.323155 , 99.9141 , 43.3335 , 
1277 , 312.862 , 0.324022 , 99.4434 , 43.4648 , 
1278 , 315.363 , 0.32489 , 98.976 , 43.5936 , 
1279 , 317.884 , 0.32576 , 98.5119 , 43.7198 , 
1280 , 320.424 , 0.326629 , 98.0513 , 43.8432 , 
1281 , 322.983 , 0.327499 , 97.5943 , 43.9639 , 
1282 , 325.559 , 0.32837 , 97.1409 , 44.0818 , 
1283 , 328.15 , 0.32924 , 96.6913 , 44.1967 , 
1284 , 330.755 , 0.330109 , 96.2455 , 44.3086 , 
1285 , 333.372 , 0.330979 , 95.8036 , 44.4174 , 
1286 , 336.002 , 0.331847 , 95.3657 , 44.523 , 
1287 , 338.641 , 0.332714 , 94.932 , 44.6253 , 
1288 , 341.288 , 0.33358 , 94.5024 , 44.7243 , 
1289 , 343.943 , 0.334445 , 94.0772 , 44.8198 , 
1290 , 346.603 , 0.335307 , 93.6563 , 44.9118 , 
1291 , 349.268 , 0.336168 , 93.24 , 45.0002 , 
1292 , 351.935 , 0.337026 , 92.8282 , 45.0849 , 
1293 , 354.604 , 0.337881 , 92.4211 , 45.1658 , 
1294 , 357.273 , 0.338734 , 92.0188 , 45.2429 , 
1295 , 359.94 , 0.339584 , 91.6214 , 45.3159 , 
1296 , 362.605 , 0.34043 , 91.229 , 45.385 , 
1297 , 365.265 , 0.341273 , 90.8416 , 45.4498 , 
1298 , 367.919 , 0.342111 , 90.4595 , 45.5105 , 
1299 , 370.565 , 0.342946 , 90.0826 , 45.5668 , 
1300 , 373.203 , 0.343776 , 89.7111 , 45.6187 , 
1301 , 375.83 , 0.344602 , 89.345 , 45.6662 , 
1302 , 378.446 , 0.345422 , 88.9844 , 45.7091 , 
1303 , 381.05 , 0.346238 , 88.6293 , 45.7476 , 
1304 , 383.641 , 0.347049 , 88.2797 , 45.7817 , 
1305 , 386.218 , 0.347855 , 87.9355 , 45.8113 , 
1306 , 388.781 , 0.348655 , 87.5968 , 45.8365 , 
1307 , 391.329 , 0.349449 , 87.2635 , 45.8574 , 
1308 , 393.86 , 0.350239 , 86.9357 , 45.8738 , 
1309 , 396.375 , 0.351022 , 86.6133 , 45.886 , 
1310 , 398.872 , 0.3518 , 86.2963 , 45.8937 , 
1311 , 401.35 , 0.352571 , 85.9848 , 45.8972 , 
1312 , 403.809 , 0.353337 , 85.6786 , 45.8964 , 
1313 , 406.248 , 0.354096 , 85.3779 , 45.8914 , 
1314 , 408.666 , 0.354849 , 85.0826 , 45.8821 , 
1315 , 411.061 , 0.355595 , 84.7927 , 45.8685 , 
1316 , 413.434 , 0.356334 , 84.5082 , 45.8508 , 
1317 , 415.783 , 0.357067 , 84.229 , 45.8289 , 
1318 , 418.108 , 0.357793 , 83.9553 , 45.8028 , 
1319 , 420.407 , 0.358511 , 83.6869 , 45.7726 , 
1320 , 422.68 , 0.359223 , 83.4238 , 45.7383 , 
1321 , 424.925 , 0.359927 , 83.1661 , 45.6999 , 
1322 , 427.143 , 0.360623 , 82.9138 , 45.6574 , 
1323 , 429.332 , 0.361312 , 82.6668 , 45.6109 , 
1324 , 431.491 , 0.361993 , 82.4251 , 45.5603 , 
1325 , 433.619 , 0.362666 , 82.1887 , 45.5058 , 
1326 , 435.715 , 0.363331 , 81.9577 , 45.4472 , 
1327 , 437.779 , 0.363988 , 81.7319 , 45.3847 , 
1328 , 439.81 , 0.364636 , 81.5114 , 45.3183 , 
1329 , 441.806 , 0.365276 , 81.2962 , 45.248 , 
1330 , 443.767 , 0.365907 , 81.0863 , 45.1738 , 
1331 , 445.692 , 0.366529 , 80.8817 , 45.0958 , 
1332 , 447.579 , 0.367143 , 80.6823 , 45.0139 , 
1333 , 449.429 , 0.367747 , 80.4881 , 44.9282 , 
1334 , 451.239 , 0.368342 , 80.2992 , 44.8388 , 
1335 , 453.009 , 0.368927 , 80.1154 , 44.7456 , 
1336 , 454.739 , 0.369503 , 79.9369 , 44.6486 , 
1337 , 456.427 , 0.370069 , 79.7636 , 44.548 , 
1338 , 458.072 , 0.370625 , 79.5955 , 44.4437 , 
1339 , 459.673 , 0.371171 , 79.4326 , 44.3357 , 
1340 , 461.229 , 0.371707 , 79.2748 , 44.2241 , 
1341 , 462.739 , 0.372233 , 79.1221 , 44.1089 , 
1342 , 464.203 , 0.372748 , 78.9747 , 43.9902 , 
1343 , 465.619 , 0.373252 , 78.8323 , 43.8679 , 
1344 , 466.987 , 0.373746 , 78.6951 , 43.7421 , 
1345 , 468.304 , 0.374228 , 78.5629 , 43.6128 , 
1346 , 469.571 , 0.374699 , 78.4359 , 43.48 , 
1347 , 470.787 , 0.375159 , 78.3139 , 43.3439 , 
1348 , 471.949 , 0.375608 , 78.197 , 43.2043 , 
1349 , 473.058 , 0.376045 , 78.0852 , 43.0613 , 
1350 , 474.112 , 0.37647 , 77.9784 , 42.915 , 
1351 , 475.111 , 0.376883 , 77.8766 , 42.7654 , 
1352 , 476.054 , 0.377285 , 77.7798 , 42.6126 , 
1353 , 476.941 , 0.377674 , 77.6878 , 42.4566 , 
1354 , 477.773 , 0.378051 , 77.6006 , 42.2974 , 
1355 , 478.549 , 0.378415 , 77.5182 , 42.1352 , 
1356 , 479.27 , 0.378768 , 77.4404 , 41.9701 , 
1357 , 479.937 , 0.379108 , 77.3672 , 41.802 , 
1358 , 480.548 , 0.379435 , 77.2985 , 41.6311 , 
1359 , 481.104 , 0.37975 , 77.2343 , 41.4575 , 
1360 , 481.605 , 0.380053 , 77.1743 , 41.2811 , 
1361 , 482.051 , 0.380343 , 77.1186 , 41.1021 , 
1362 , 482.443 , 0.38062 , 77.0671 , 40.9206 , 
1363 , 482.781 , 0.380884 , 77.0198 , 40.7366 , 
1364 , 483.064 , 0.381136 , 76.9764 , 40.5502 , 
1365 , 483.293 , 0.381375 , 76.937 , 40.3615 , 
1366 , 483.467 , 0.3816 , 76.9014 , 40.1705 , 
1367 , 483.588 , 0.381813 , 76.8696 , 39.9773 , 
1368 , 483.655 , 0.382013 , 76.8415 , 39.782 , 
1369 , 483.668 , 0.382199 , 76.8171 , 39.5847 , 
1370 , 483.627 , 0.382372 , 76.7961 , 39.3854 , 
1371 , 483.533 , 0.382532 , 76.7786 , 39.1842 , 
1372 , 483.386 , 0.382678 , 76.7645 , 38.9812 , 
1373 , 483.185 , 0.382811 , 76.7536 , 38.7765 , 
1374 , 482.931 , 0.38293 , 76.7459 , 38.5702 , 
1375 , 482.625 , 0.383036 , 76.7413 , 38.3622 , 
1376 , 482.265 , 0.383128 , 76.7398 , 38.1528 , 
1377 , 481.853 , 0.383207 , 76.7411 , 37.9419 , 
1378 , 481.388 , 0.383271 , 76.7453 , 37.7297 , 
1379 , 480.871 , 0.383322 , 76.7523 , 37.5163 , 
1380 , 480.301 , 0.383359 , 76.7619 , 37.3017 , 
1381 , 479.68 , 0.383381 , 76.774 , 37.0859 , 
1382 , 479.006 , 0.38339 , 76.7887 , 36.8692 , 
1383 , 478.281 , 0.383384 , 76.8057 , 36.6515 , 
1384 , 477.504 , 0.383365 , 76.8251 , 36.433 , 
1385 , 476.675 , 0.38333 , 76.8466 , 36.2137 , 
1386 , 475.796 , 0.383282 , 76.8703 , 35.9937 , 
1387 , 474.865 , 0.383219 , 76.8959 , 35.7731 , 
1388 , 473.883 , 0.383141 , 76.9235 , 35.5519 , 
1389 , 472.85 , 0.383049 , 76.9529 , 35.3304 , 
1390 , 471.766 , 0.382942 , 76.9841 , 35.1085 , 
1391 , 470.632 , 0.382821 , 77.0169 , 34.8863 , 
1392 , 469.448 , 0.382685 , 77.0512 , 34.6639 , 
1393 , 468.213 , 0.382533 , 77.0869 , 34.4415 , 
1394 , 466.928 , 0.382367 , 77.1241 , 34.2191 , 
1395 , 465.594 , 0.382186 , 77.1624 , 33.9967 , 
1396 , 464.209 , 0.381989 , 77.2019 , 33.7745 , 
1397 , 462.776 , 0.381778 , 77.2425 , 33.5525 , 
1398 , 461.293 , 0.381551 , 77.284 , 33.331 , 
1399 , 459.761 , 0.381309 , 77.3264 , 33.1098 , 
1400 , 458.18 , 0.381051 , 77.3695 , 32.8892 , 
1401 , 456.55 , 0.380778 , 77.4132 , 32.6691 , 
1402 , 454.872 , 0.380489 , 77.4575 , 32.4498 , 
1403 , 453.147 , 0.380186 , 77.5024 , 32.2311 , 
1404 , 451.375 , 0.379866 , 77.5477 , 32.0132 , 
1405 , 449.557 , 0.379531 , 77.5935 , 31.7961 , 
1406 , 447.695 , 0.379181 , 77.6395 , 31.5798 , 
1407 , 445.788 , 0.378815 , 77.6859 , 31.3644 , 
1408 , 443.837 , 0.378434 , 77.7324 , 31.1499 , 
1409 , 441.843 , 0.378038 , 77.7791 , 30.9363 , 
1410 , 439.808 , 0.377627 , 77.8259 , 30.7238 , 
1411 , 437.731 , 0.3772 , 77.8727 , 30.5123 , 
1412 , 435.613 , 0.376757 , 77.9195 , 30.302 , 
1413 , 433.456 , 0.3763 , 77.9661 , 30.0927 , 
1414 , 431.26 , 0.375827 , 78.0126 , 29.8847 , 
1415 , 429.025 , 0.37534 , 78.0589 , 29.6779 , 
1416 , 426.753 , 0.374837 , 78.1048 , 29.4723 , 
1417 , 424.445 , 0.374318 , 78.1504 , 29.2681 , 
1418 , 422.1 , 0.373785 , 78.1955 , 29.0653 , 
1419 , 419.721 , 0.373237 , 78.2402 , 28.8639 , 
1420 , 417.307 , 0.372673 , 78.2843 , 28.6639 , 
1421 , 414.86 , 0.372094 , 78.3277 , 28.4654 , 
1422 , 412.381 , 0.371501 , 78.3704 , 28.2686 , 
1423 , 409.87 , 0.370892 , 78.4123 , 28.0733 , 
1424 , 407.327 , 0.370269 , 78.4534 , 27.8796 , 
1425 , 404.755 , 0.36963 , 78.4936 , 27.6877 , 
1426 , 402.154 , 0.368976 , 78.5328 , 27.4975 , 
1427 , 399.524 , 0.368308 , 78.571 , 27.3091 , 
1428 , 396.867 , 0.367625 , 78.608 , 27.1226 , 
1429 , 394.183 , 0.366927 , 78.6439 , 26.9379 , 
1430 , 391.473 , 0.366214 , 78.6784 , 26.7552 , 
1431 , 388.738 , 0.365486 , 78.7117 , 26.5745 , 
1432 , 385.979 , 0.364743 , 78.7435 , 26.3958 , 
1433 , 383.197 , 0.363986 , 78.7739 , 26.2192 , 
1434 , 380.393 , 0.363214 , 78.8027 , 26.0448 , 
1435 , 377.567 , 0.362427 , 78.8298 , 25.8725 , 
1436 , 374.721 , 0.361626 , 78.8553 , 25.7025 , 
1437 , 371.855 , 0.36081 , 78.879 , 25.5347 , 
1438 , 368.971 , 0.35998 , 78.9009 , 25.3693 , 
1439 , 366.069 , 0.359134 , 78.9208 , 25.2064 , 
1440 , 363.149 , 0.358275 , 78.9387 , 25.0458 , 
1441 , 360.214 , 0.357401 , 78.9546 , 24.8877 , 
1442 , 357.264 , 0.356512 , 78.9683 , 24.7322 , 
1443 , 354.3 , 0.355609 , 78.9798 , 24.5793 , 
1444 , 351.323 , 0.354692 , 78.989 , 24.4291 , 
1445 , 348.333 , 0.35376 , 78.9959 , 24.2815 , 
1446 , 345.332 , 0.352814 , 79.0002 , 24.1367 , 
1447 , 342.321 , 0.351854 , 79.0021 , 23.9947 , 
1448 , 339.301 , 0.350879 , 79.0013 , 23.8556 , 
1449 , 336.272 , 0.349891 , 78.9978 , 23.7194 , 
1450 , 333.235 , 0.348888 , 78.9916 , 23.5861 , 
1451 , 330.193 , 0.347871 , 78.9826 , 23.4559 , 
1452 , 327.144 , 0.34684 , 78.9707 , 23.3287 , 
1453 , 324.091 , 0.345795 , 78.9559 , 23.2045 , 
1454 , 321.034 , 0.344737 , 78.9383 , 23.0833 , 
1455 , 317.974 , 0.343665 , 78.9179 , 22.9651 , 
1456 , 314.911 , 0.34258 , 78.8946 , 22.85 , 
1457 , 311.847 , 0.341483 , 78.8685 , 22.7378 , 
1458 , 308.783 , 0.340372 , 78.8395 , 22.6286 , 
1459 , 305.719 , 0.339249 , 78.8077 , 22.5223 , 
1460 , 302.656 , 0.338114 , 78.773 , 22.4191 , 
1461 , 299.595 , 0.336967 , 78.7355 , 22.3188 , 
1462 , 296.538 , 0.335808 , 78.6951 , 22.2215 , 
1463 , 293.484 , 0.334637 , 78.6519 , 22.1272 , 
1464 , 290.434 , 0.333454 , 78.6058 , 22.0358 , 
1465 , 287.391 , 0.332261 , 78.5569 , 21.9473 , 
1466 , 284.353 , 0.331056 , 78.5051 , 21.8618 , 
1467 , 281.324 , 0.329841 , 78.4504 , 21.7793 , 
1468 , 278.302 , 0.328615 , 78.393 , 21.6996 , 
1469 , 275.29 , 0.327378 , 78.3326 , 21.6229 , 
1470 , 272.288 , 0.326132 , 78.2695 , 21.5491 , 
1471 , 269.297 , 0.324875 , 78.2034 , 21.4782 , 
1472 , 266.318 , 0.323609 , 78.1346 , 21.4102 , 
1473 , 263.352 , 0.322333 , 78.0629 , 21.3452 , 
1474 , 260.399 , 0.321049 , 77.9883 , 21.283 , 
1475 , 257.462 , 0.319755 , 77.9109 , 21.2237 , 
1476 , 254.54 , 0.318452 , 77.8306 , 21.1672 , 
1477 , 251.635 , 0.317141 , 77.7475 , 21.1137 , 
1478 , 248.747 , 0.315821 , 77.6615 , 21.063 , 
1479 , 245.878 , 0.314494 , 77.5727 , 21.0151 , 
1480 , 243.029 , 0.313158 , 77.4811 , 20.9701 , 
1481 , 240.2 , 0.311815 , 77.3866 , 20.928 , 
1482 , 237.393 , 0.310465 , 77.2892 , 20.8886 , 
1483 , 234.608 , 0.309107 , 77.1891 , 20.8522 , 
1484 , 231.846 , 0.307743 , 77.086 , 20.8185 , 
1485 , 229.109 , 0.306371 , 76.9802 , 20.7876 , 
1486 , 226.397 , 0.304994 , 76.8714 , 20.7596 , 
1487 , 223.712 , 0.30361 , 76.7599 , 20.7343 , 
1488 , 221.054 , 0.302221 , 76.6455 , 20.7118 , 
1489 , 218.425 , 0.300825 , 76.5283 , 20.6921 , 
1490 , 215.824 , 0.299425 , 76.4082 , 20.6752 , 
1491 , 213.255 , 0.298019 , 76.2853 , 20.661 , 
1492 , 210.717 , 0.296608 , 76.1596 , 20.6496 , 
1493 , 208.211 , 0.295192 , 76.031 , 20.641 , 
1494 , 205.739 , 0.293773 , 75.8996 , 20.635 , 
1495 , 203.301 , 0.292349 , 75.7654 , 20.6318 , 
1496 , 200.899 , 0.290921 , 75.6283 , 20.6314 , 
1497 , 198.534 , 0.289489 , 75.4884 , 20.6336 , 
1498 , 196.206 , 0.288054 , 75.3457 , 20.6385 , 
1499 , 193.917 , 0.286616 , 75.2002 , 20.6462 , 
1500 , 191.668 , 0.285175 , 75.0518 , 20.6565 , 
1501 , 189.46 , 0.283732 , 74.9006 , 20.6695 , 
1502 , 187.292 , 0.282286 , 74.7467 , 20.6851 , 
1503 , 185.166 , 0.280838 , 74.59 , 20.7033 , 
1504 , 183.08 , 0.279387 , 74.4306 , 20.724 , 
1505 , 181.035 , 0.277935 , 74.2686 , 20.7472 , 
1506 , 179.031 , 0.27648 , 74.104 , 20.7728 , 
1507 , 177.067 , 0.275024 , 73.9368 , 20.8008 , 
1508 , 175.145 , 0.273567 , 73.7672 , 20.8311 , 
1509 , 173.263 , 0.272107 , 73.5951 , 20.8636 , 
1510 , 171.422 , 0.270647 , 73.4206 , 20.8984 , 
1511 , 169.622 , 0.269185 , 73.2437 , 20.9353 , 
1512 , 167.863 , 0.267722 , 73.0645 , 20.9743 , 
1513 , 166.144 , 0.266258 , 72.8831 , 21.0154 , 
1514 , 164.466 , 0.264794 , 72.6995 , 21.0584 , 
1515 , 162.829 , 0.263329 , 72.5136 , 21.1034 , 
1516 , 161.233 , 0.261863 , 72.3257 , 21.1503 , 
1517 , 159.677 , 0.260397 , 72.1357 , 21.199 , 
1518 , 158.162 , 0.258931 , 71.9437 , 21.2495 , 
1519 , 156.688 , 0.257465 , 71.7498 , 21.3017 , 
1520 , 155.255 , 0.255999 , 71.5539 , 21.3555 , 
1521 , 153.862 , 0.254533 , 71.3562 , 21.411 , 
1522 , 152.509 , 0.253068 , 71.1566 , 21.468 , 
1523 , 151.198 , 0.251603 , 70.9553 , 21.5265 , 
1524 , 149.926 , 0.250139 , 70.7523 , 21.5864 , 
1525 , 148.696 , 0.248675 , 70.5476 , 21.6477 , 
1526 , 147.506 , 0.247213 , 70.3413 , 21.7103 , 
1527 , 146.356 , 0.245752 , 70.1335 , 21.7742 , 
1528 , 145.247 , 0.244292 , 69.9242 , 21.8393 , 
1529 , 144.178 , 0.242834 , 69.7134 , 21.9055 , 
1530 , 143.15 , 0.241377 , 69.5012 , 21.9727 , 
1531 , 142.162 , 0.239922 , 69.2877 , 22.041 , 
1532 , 141.215 , 0.238469 , 69.0729 , 22.1103 , 
1533 , 140.308 , 0.237018 , 68.8569 , 22.1805 , 
1534 , 139.441 , 0.23557 , 68.6397 , 22.2515 , 
1535 , 138.615 , 0.234124 , 68.4214 , 22.3232 , 
1536 , 137.829 , 0.23268 , 68.202 , 22.3957 , 
1537 , 137.083 , 0.231239 , 67.9816 , 22.4689 , 
1538 , 136.377 , 0.229801 , 67.7602 , 22.5426 , 
1539 , 135.712 , 0.228366 , 67.538 , 22.6168 , 
1540 , 135.086 , 0.226935 , 67.3149 , 22.6916 , 
1541 , 134.501 , 0.225507 , 67.091 , 22.7667 , 
1542 , 133.956 , 0.224082 , 66.8664 , 22.8421 , 
1543 , 133.451 , 0.222661 , 66.6411 , 22.9179 , 
1544 , 132.986 , 0.221244 , 66.4152 , 22.9938 , 
1545 , 132.56 , 0.219831 , 66.1887 , 23.0699 , 
1546 , 132.175 , 0.218422 , 65.9617 , 23.146 , 
1547 , 131.83 , 0.217017 , 65.7343 , 23.2222 , 
1548 , 131.524 , 0.215618 , 65.5066 , 23.2984 , 
1549 , 131.258 , 0.214222 , 65.2784 , 23.3744 , 
1550 , 131.032 , 0.212832 , 65.0501 , 23.4502 , 
1551 , 130.846 , 0.211447 , 64.8215 , 23.5258 , 
1552 , 130.698 , 0.210067 , 64.5928 , 23.6011 , 
1553 , 130.59 , 0.208692 , 64.3639 , 23.6761 , 
1554 , 130.519 , 0.207322 , 64.135 , 23.7507 , 
1555 , 130.486 , 0.205958 , 63.9061 , 23.8249 , 
1556 , 130.49 , 0.204599 , 63.6772 , 23.8988 , 
1557 , 130.531 , 0.203245 , 63.4484 , 23.9721 , 
1558 , 130.607 , 0.201897 , 63.2198 , 24.045 , 
1559 , 130.719 , 0.200554 , 62.9913 , 24.1174 , 
1560 , 130.865 , 0.199216 , 62.7631 , 24.1892 , 
1561 , 131.046 , 0.197884 , 62.5351 , 24.2604 , 
1562 , 131.26 , 0.196558 , 62.3075 , 24.331 , 
1563 , 131.507 , 0.195238 , 62.0803 , 24.4009 , 
1564 , 131.787 , 0.193923 , 61.8535 , 24.4701 , 
1565 , 132.098 , 0.192614 , 61.6272 , 24.5386 , 
1566 , 132.441 , 0.19131 , 61.4014 , 24.6063 , 
1567 , 132.815 , 0.190013 , 61.1763 , 24.6731 , 
1568 , 133.218 , 0.188721 , 60.9517 , 24.7392 , 
1569 , 133.651 , 0.187435 , 60.7279 , 24.8043 , 
1570 , 134.113 , 0.186156 , 60.5048 , 24.8686 , 
1571 , 134.604 , 0.184882 , 60.2825 , 24.9319 , 
1572 , 135.122 , 0.183614 , 60.0611 , 24.9941 , 
1573 , 135.667 , 0.182353 , 59.8405 , 25.0554 , 
1574 , 136.239 , 0.181098 , 59.621 , 25.1156 , 
1575 , 136.836 , 0.179849 , 59.4024 , 25.1747 , 
1576 , 137.459 , 0.178606 , 59.1849 , 25.2326 , 
1577 , 138.106 , 0.17737 , 58.9685 , 25.2894 , 
1578 , 138.777 , 0.17614 , 58.7533 , 25.3449 , 
1579 , 139.472 , 0.174916 , 58.5393 , 25.3992 , 
1580 , 140.189 , 0.173699 , 58.3266 , 25.4522 , 
1581 , 140.929 , 0.172488 , 58.1153 , 25.5038 , 
1582 , 141.689 , 0.171285 , 57.9053 , 25.5541 , 
1583 , 142.471 , 0.170087 , 57.6968 , 25.6029 , 
1584 , 143.273 , 0.168897 , 57.4898 , 25.6503 , 
1585 , 144.094 , 0.167713 , 57.2844 , 25.6962 , 
1586 , 144.934 , 0.166536 , 57.0805 , 25.7406 , 
1587 , 145.793 , 0.165366 , 56.8784 , 25.7834 , 
1588 , 146.668 , 0.164203 , 56.6779 , 25.8246 , 
1589 , 147.561 , 0.163046 , 56.4793 , 25.8641 , 
1590 , 148.47 , 0.161897 , 56.2825 , 25.902 , 
1591 , 149.394 , 0.160755 , 56.0876 , 25.9381 , 
1592 , 150.333 , 0.15962 , 55.8947 , 25.9724 , 
1593 , 151.287 , 0.158492 , 55.7038 , 26.005 , 
1594 , 152.253 , 0.157371 , 55.5149 , 26.0356 , 
1595 , 153.233 , 0.156258 , 55.3282 , 26.0644 , 
1596 , 154.224 , 0.155151 , 55.1437 , 26.0912 , 
1597 , 155.227 , 0.154053 , 54.9615 , 26.1161 , 
1598 , 156.241 , 0.152961 , 54.7815 , 26.1389 , 
1599 , 157.264 , 0.151877 , 54.604 , 26.1597 , 
1600 , 158.297 , 0.150801 , 54.4288 , 26.1784 , 
1601 , 159.339 , 0.149732 , 54.2562 , 26.1949 , 
1602 , 160.388 , 0.148671 , 54.086 , 26.2093 , 
1603 , 161.445 , 0.147618 , 53.9184 , 26.2215 , 
1604 , 162.51 , 0.146572 , 53.7532 , 26.2317 , 
1605 , 163.58 , 0.145533 , 53.5905 , 26.2397 , 
1606 , 164.657 , 0.144503 , 53.4303 , 26.2457 , 
1607 , 165.74 , 0.143479 , 53.2725 , 26.2495 , 
1608 , 166.827 , 0.142464 , 53.1173 , 26.2513 , 
1609 , 167.919 , 0.141455 , 52.9646 , 26.2511 , 
1610 , 169.015 , 0.140455 , 52.8143 , 26.2488 , 
1611 , 170.114 , 0.139462 , 52.6665 , 26.2444 , 
1612 , 171.217 , 0.138476 , 52.5212 , 26.2381 , 
1613 , 172.322 , 0.137498 , 52.3783 , 26.2297 , 
1614 , 173.429 , 0.136527 , 52.238 , 26.2194 , 
1615 , 174.537 , 0.135564 , 52.1001 , 26.207 , 
1616 , 175.647 , 0.134609 , 51.9647 , 26.1927 , 
1617 , 176.756 , 0.133661 , 51.8317 , 26.1764 , 
1618 , 177.866 , 0.13272 , 51.7012 , 26.1582 , 
1619 , 178.974 , 0.131787 , 51.5732 , 26.138 , 
1620 , 180.082 , 0.130862 , 51.4477 , 26.1159 , 
1621 , 181.187 , 0.129943 , 51.3246 , 26.0919 , 
1622 , 182.291 , 0.129033 , 51.204 , 26.066 , 
1623 , 183.391 , 0.128129 , 51.0858 , 26.0383 , 
1624 , 184.488 , 0.127234 , 50.9701 , 26.0086 , 
1625 , 185.581 , 0.126345 , 50.8568 , 25.9771 , 
1626 , 186.67 , 0.125464 , 50.746 , 25.9437 , 
1627 , 187.753 , 0.124591 , 50.6377 , 25.9085 , 
1628 , 188.831 , 0.123724 , 50.5317 , 25.8715 , 
1629 , 189.902 , 0.122866 , 50.4283 , 25.8327 , 
1630 , 190.967 , 0.122014 , 50.3273 , 25.7921 , 
1631 , 192.025 , 0.12117 , 50.2287 , 25.7497 , 
1632 , 193.074 , 0.120334 , 50.1325 , 25.7056 , 
1633 , 194.115 , 0.119504 , 50.0388 , 25.6597 , 
1634 , 195.147 , 0.118682 , 49.9476 , 25.6121 , 
1635 , 196.169 , 0.117868 , 49.8587 , 25.5627 , 
1636 , 197.181 , 0.11706 , 49.7723 , 25.5117 , 
1637 , 198.182 , 0.11626 , 49.6883 , 25.4589 , 
1638 , 199.172 , 0.115467 , 49.6067 , 25.4045 , 
1639 , 200.149 , 0.114682 , 49.5276 , 25.3484 , 
1640 , 201.114 , 0.113904 , 49.4509 , 25.2906 , 
1641 , 202.066 , 0.113133 , 49.3765 , 25.2312 , 
1642 , 203.004 , 0.112369 , 49.3046 , 25.1702 , 
1643 , 203.928 , 0.111613 , 49.2351 , 25.1076 , 
1644 , 204.836 , 0.110863 , 49.168 , 25.0433 , 
1645 , 205.73 , 0.110121 , 49.1033 , 24.9776 , 
1646 , 206.606 , 0.109387 , 49.041 , 24.9102 , 
1647 , 207.466 , 0.108659 , 48.9811 , 24.8413 , 
1648 , 208.309 , 0.107939 , 48.9236 , 24.7709 , 
1649 , 209.133 , 0.107225 , 48.8685 , 24.6989 , 
1650 , 209.939 , 0.106519 , 48.8158 , 24.6254 , 
1651 , 210.726 , 0.10582 , 48.7654 , 24.5505 , 
1652 , 211.493 , 0.105128 , 48.7174 , 24.4741 , 
1653 , 212.24 , 0.104444 , 48.6717 , 24.3963 , 
1654 , 212.968 , 0.103766 , 48.6282 , 24.317 , 
1655 , 213.676 , 0.103095 , 48.587 , 24.2364 , 
1656 , 214.363 , 0.102432 , 48.548 , 24.1544 , 
1657 , 215.03 , 0.101775 , 48.5112 , 24.0711 , 
1658 , 215.676 , 0.101126 , 48.4765 , 23.9865 , 
1659 , 216.302 , 0.100483 , 48.4438 , 23.9006 , 
1660 , 216.907 , 0.0998479 , 48.4132 , 23.8134 , 
1661 , 217.491 , 0.0992194 , 48.3846 , 23.7251 , 
1662 , 218.053 , 0.0985978 , 48.358 , 23.6355 , 
1663 , 218.594 , 0.0979832 , 48.3333 , 23.5448 , 
1664 , 219.114 , 0.0973755 , 48.3105 , 23.4529 , 
1665 , 219.611 , 0.0967747 , 48.2895 , 23.36 , 
1666 , 220.087 , 0.0961808 , 48.2704 , 23.2659 , 
1667 , 220.54 , 0.0955937 , 48.253 , 23.1708 , 
1668 , 220.972 , 0.0950135 , 48.2373 , 23.0747 , 
1669 , 221.38 , 0.0944401 , 48.2234 , 22.9776 , 
1670 , 221.766 , 0.0938736 , 48.211 , 22.8795 , 
1671 , 222.129 , 0.0933138 , 48.2003 , 22.7804 , 
1672 , 222.468 , 0.0927607 , 48.1912 , 22.6805 , 
1673 , 222.785 , 0.0922145 , 48.1836 , 22.5796 , 
1674 , 223.078 , 0.0916749 , 48.1774 , 22.478 , 
1675 , 223.347 , 0.0911421 , 48.1727 , 22.3754 , 
1676 , 223.593 , 0.0906159 , 48.1694 , 22.2721 , 
1677 , 223.814 , 0.0900964 , 48.1675 , 22.1681 , 
1678 , 224.011 , 0.0895836 , 48.1669 , 22.0633 , 
1679 , 224.184 , 0.0890773 , 48.1675 , 21.9578 , 
1680 , 224.332 , 0.0885777 , 48.1694 , 21.8516 , 
1681 , 224.455 , 0.0880847 , 48.1725 , 21.7447 , 
1682 , 224.554 , 0.0875982 , 48.1767 , 21.6373 , 
1683 , 224.627 , 0.0871183 , 48.182 , 21.5293 , 
1684 , 224.674 , 0.0866449 , 48.1884 , 21.4207 , 
1685 , 224.696 , 0.086178 , 48.1958 , 21.3116 , 
1686 , 224.693 , 0.0857175 , 48.2042 , 21.202 , 
1687 , 224.663 , 0.0852635 , 48.2135 , 21.0919 , 
1688 , 224.607 , 0.084816 , 48.2236 , 20.9814 , 
1689 , 224.525 , 0.0843748 , 48.2347 , 20.8705 , 
1690 , 224.416 , 0.08394 , 48.2464 , 20.7593 , 
1691 , 224.28 , 0.0835116 , 48.259 , 20.6477 , 
1692 , 224.118 , 0.0830895 , 48.2722 , 20.5358 , 
1693 , 223.928 , 0.0826738 , 48.2861 , 20.4236 , 
1694 , 223.711 , 0.0822643 , 48.3007 , 20.3112 , 
1695 , 223.466 , 0.0818611 , 48.3157 , 20.1986 , 
1696 , 223.194 , 0.0814641 , 48.3313 , 20.0858 , 
1697 , 222.893 , 0.0810733 , 48.3474 , 19.9729 , 
1698 , 222.565 , 0.0806888 , 48.3639 , 19.8599 , 
1699 , 222.208 , 0.0803104 , 48.3807 , 19.7468 , 
1700 , 221.822 , 0.0799381 , 48.3979 , 19.6336 , 
1701 , 221.408 , 0.0795719 , 48.4154 , 19.5205 , 
1702 , 220.965 , 0.0792119 , 48.4331 , 19.4073 , 
1703 , 220.495 , 0.0788578 , 48.4511 , 19.2942 , 
1704 , 219.996 , 0.0785098 , 48.4692 , 19.1812 , 
1705 , 219.471 , 0.0781676 , 48.4875 , 19.0683 , 
1706 , 218.919 , 0.0778314 , 48.5059 , 18.9554 , 
1707 , 218.34 , 0.0775011 , 48.5244 , 18.8428 , 
1708 , 217.735 , 0.0771766 , 48.5429 , 18.7303 , 
1709 , 217.105 , 0.0768578 , 48.5615 , 18.6181 , 
1710 , 216.45 , 0.0765448 , 48.58 , 18.506 , 
1711 , 215.77 , 0.0762375 , 48.5985 , 18.3943 , 
1712 , 215.066 , 0.0759358 , 48.617 , 18.2828 , 
1713 , 214.338 , 0.0756397 , 48.6353 , 18.1716 , 
1714 , 213.586 , 0.0753492 , 48.6534 , 18.0608 , 
1715 , 212.811 , 0.0750642 , 48.6714 , 17.9504 , 
1716 , 212.014 , 0.0747846 , 48.6891 , 17.8404 , 
1717 , 211.194 , 0.0745105 , 48.7066 , 17.7308 , 
1718 , 210.353 , 0.0742417 , 48.7238 , 17.6217 , 
1719 , 209.491 , 0.0739783 , 48.7406 , 17.5131 , 
1720 , 208.607 , 0.0737201 , 48.7571 , 17.405 , 
1721 , 207.703 , 0.0734672 , 48.7732 , 17.2974 , 
1722 , 206.779 , 0.0732195 , 48.7889 , 17.1904 , 
1723 , 205.836 , 0.0729769 , 48.8041 , 17.0841 , 
1724 , 204.873 , 0.0727394 , 48.8188 , 16.9783 , 
1725 , 203.892 , 0.0725069 , 48.833 , 16.8733 , 
1726 , 202.893 , 0.0722794 , 48.8466 , 16.7689 , 
1727 , 201.876 , 0.0720569 , 48.8596 , 16.6653 , 
1728 , 200.841 , 0.0718393 , 48.8719 , 16.5624 , 
1729 , 199.79 , 0.0716265 , 48.8836 , 16.4603 , 
1730 , 198.722 , 0.0714185 , 48.8945 , 16.3591 , 
1731 , 197.639 , 0.0712152 , 48.9046 , 16.2586 , 
1732 , 196.54 , 0.0710167 , 48.914 , 16.1591 , 
1733 , 195.426 , 0.0708228 , 48.9225 , 16.0605 , 
1734 , 194.297 , 0.0706335 , 48.9302 , 15.9628 , 
1735 , 193.154 , 0.0704488 , 48.937 , 15.8661 , 
1736 , 191.998 , 0.0702685 , 48.9428 , 15.7704 , 
1737 , 190.829 , 0.0700927 , 48.9476 , 15.6757 , 
1738 , 189.647 , 0.0699213 , 48.9514 , 15.5821 , 
1739 , 188.453 , 0.0697542 , 48.9541 , 15.4896 , 
1740 , 187.247 , 0.0695914 , 48.9557 , 15.3982 , 
1741 , 186.03 , 0.0694329 , 48.9562 , 15.308 , 
1742 , 184.803 , 0.0692785 , 48.9556 , 15.219 , 
1743 , 183.565 , 0.0691282 , 48.9537 , 15.1312 , 
1744 , 182.317 , 0.0689821 , 48.9505 , 15.0446 , 
1745 , 181.06 , 0.0688399 , 48.946 , 14.9594 , 
1746 , 179.795 , 0.0687017 , 48.9403 , 14.8755 , 
1747 , 178.521 , 0.0685675 , 48.9331 , 14.7929 , 
1748 , 177.24 , 0.0684371 , 48.9245 , 14.7117 , 
1749 , 175.951 , 0.0683104 , 48.9145 , 14.632 , 
1750 , 174.656 , 0.0681876 , 48.903 , 14.5536 , 
1751 , 173.355 , 0.0680684 , 48.8899 , 14.4768 , 
1752 , 172.047 , 0.0679529 , 48.8753 , 14.4015 , 
1753 , 170.735 , 0.067841 , 48.8592 , 14.3276 , 
1754 , 169.417 , 0.0677327 , 48.8415 , 14.2553 , 
1755 , 168.096 , 0.067628 , 48.8222 , 14.1844 , 
1756 , 166.77 , 0.0675269 , 48.8014 , 14.115 , 
1757 , 165.441 , 0.0674292 , 48.779 , 14.0471 , 
1758 , 164.109 , 0.067335 , 48.755 , 13.9806 , 
1759 , 162.774 , 0.0672442 , 48.7295 , 13.9157 , 
1760 , 161.437 , 0.0671569 , 48.7023 , 13.8522 , 
1761 , 160.099 , 0.0670729 , 48.6736 , 13.7902 , 
1762 , 158.759 , 0.0669922 , 48.6432 , 13.7297 , 
1763 , 157.419 , 0.0669149 , 48.6113 , 13.6707 , 
1764 , 156.079 , 0.0668408 , 48.5777 , 13.6131 , 
1765 , 154.739 , 0.06677 , 48.5425 , 13.5571 , 
1766 , 153.4 , 0.0667024 , 48.5057 , 13.5025 , 
1767 , 152.062 , 0.066638 , 48.4672 , 13.4494 , 
1768 , 150.725 , 0.0665767 , 48.4271 , 13.3978 , 
1769 , 149.391 , 0.0665185 , 48.3854 , 13.3476 , 
1770 , 148.06 , 0.0664634 , 48.342 , 13.2989 , 
1771 , 146.732 , 0.0664113 , 48.2969 , 13.2517 , 
1772 , 145.408 , 0.0663623 , 48.2502 , 13.206 , 
1773 , 144.088 , 0.0663162 , 48.2018 , 13.1617 , 
1774 , 142.772 , 0.066273 , 48.1518 , 13.119 , 
1775 , 141.462 , 0.0662327 , 48.1 , 13.0776 , 
1776 , 140.157 , 0.0661953 , 48.0466 , 13.0378 , 
1777 , 138.859 , 0.0661608 , 47.9914 , 12.9994 , 
1778 , 137.567 , 0.066129 , 47.9346 , 12.9625 , 
1779 , 136.283 , 0.0660999 , 47.876 , 12.9271 , 
1780 , 135.006 , 0.0660736 , 47.8158 , 12.8931 , 
1781 , 133.738 , 0.06605 , 47.7538 , 12.8606 , 
1782 , 132.478 , 0.066029 , 47.6901 , 12.8296 , 
1783 , 131.228 , 0.0660106 , 47.6246 , 12.8 , 
1784 , 129.987 , 0.0659948 , 47.5574 , 12.7719 , 
1785 , 128.757 , 0.0659816 , 47.4885 , 12.7453 , 
1786 , 127.537 , 0.0659708 , 47.4178 , 12.7201 , 
1787 , 126.329 , 0.0659625 , 47.3453 , 12.6964 , 
1788 , 125.133 , 0.0659566 , 47.2711 , 12.6741 , 
1789 , 123.949 , 0.0659531 , 47.1951 , 12.6533 , 
1790 , 122.778 , 0.065952 , 47.1173 , 12.634 , 
1791 , 121.621 , 0.0659531 , 47.0377 , 12.6161 , 
1792 , 120.477 , 0.0659566 , 46.9564 , 12.5996 , 
1793 , 119.349 , 0.0659622 , 46.8732 , 12.5846 , 
1794 , 118.235 , 0.0659701 , 46.7882 , 12.5711 , 
1795 , 117.137 , 0.0659801 , 46.7015 , 12.559 , 
1796 , 116.055 , 0.0659922 , 46.6129 , 12.5484 , 
1797 , 114.99 , 0.0660064 , 46.5224 , 12.5392 , 
1798 , 113.942 , 0.0660226 , 46.4302 , 12.5314 , 
1799 , 112.912 , 0.0660408 , 46.3361 , 12.5251 , 
1800 , 111.901 , 0.066061 , 46.2401 , 12.5202 , 
1801 , 110.908 , 0.066083 , 46.1423 , 12.5168 , 
1802 , 109.934 , 0.066107 , 46.0427 , 12.5148 , 
1803 , 108.98 , 0.0661329 , 45.9413 , 12.5142 , 
1804 , 108.044 , 0.0661606 , 45.8381 , 12.5149 , 
1805 , 107.127 , 0.0661901 , 45.7331 , 12.517 , 
1806 , 106.23 , 0.0662214 , 45.6264 , 12.5204 , 
1807 , 105.351 , 0.0662546 , 45.518 , 12.5251 , 
1808 , 104.491 , 0.0662895 , 45.4079 , 12.531 , 
1809 , 103.651 , 0.0663261 , 45.2961 , 12.5381 , 
1810 , 102.83 , 0.0663645 , 45.1826 , 12.5465 , 
1811 , 102.027 , 0.0664045 , 45.0676 , 12.556 , 
1812 , 101.244 , 0.0664463 , 44.9509 , 12.5667 , 
1813 , 100.48 , 0.0664897 , 44.8327 , 12.5785 , 
1814 , 99.7356 , 0.0665348 , 44.713 , 12.5913 , 
1815 , 99.0099 , 0.0665814 , 44.5917 , 12.6053 , 
1816 , 98.3035 , 0.0666297 , 44.4689 , 12.6202 , 
1817 , 97.6163 , 0.0666795 , 44.3446 , 12.6362 , 
1818 , 96.9483 , 0.0667309 , 44.2189 , 12.6531 , 
1819 , 96.2995 , 0.0667838 , 44.0918 , 12.671 , 
1820 , 95.67 , 0.0668382 , 43.9632 , 12.6898 , 
1821 , 95.0598 , 0.0668941 , 43.8333 , 12.7095 , 
1822 , 94.4688 , 0.0669515 , 43.702 , 12.7301 , 
1823 , 93.8971 , 0.0670103 , 43.5694 , 12.7515 , 
1824 , 93.3447 , 0.0670705 , 43.4356 , 12.7737 , 
1825 , 92.8116 , 0.0671321 , 43.3004 , 12.7966 , 
1826 , 92.2979 , 0.067195 , 43.164 , 12.8203 , 
1827 , 91.8035 , 0.0672593 , 43.0263 , 12.8447 , 
1828 , 91.3284 , 0.0673249 , 42.8875 , 12.8698 , 
1829 , 90.8727 , 0.0673919 , 42.7475 , 12.8956 , 
1830 , 90.4364 , 0.0674601 , 42.6063 , 12.922 , 
1831 , 90.0195 , 0.0675295 , 42.4641 , 12.9489 , 
1832 , 89.622 , 0.0676002 , 42.3207 , 12.9765 , 
1833 , 89.2439 , 0.067672 , 42.1763 , 13.0045 , 
1834 , 88.8852 , 0.0677451 , 42.0308 , 13.0331 , 
1835 , 88.546 , 0.0678193 , 41.8843 , 13.0621 , 
1836 , 88.2262 , 0.0678946 , 41.7368 , 13.0916 , 
1837 , 87.9259 , 0.067971 , 41.5884 , 13.1215 , 
1838 , 87.645 , 0.0680485 , 41.439 , 13.1517 , 
1839 , 87.3837 , 0.0681271 , 41.2888 , 13.1823 , 
1840 , 87.1418 , 0.0682067 , 41.1376 , 13.2132 , 
1841 , 86.9194 , 0.0682873 , 40.9856 , 13.2444 , 
1842 , 86.7165 , 0.0683689 , 40.8328 , 13.2759 , 
1843 , 86.5332 , 0.0684514 , 40.6792 , 13.3075 , 
1844 , 86.3694 , 0.0685349 , 40.5248 , 13.3394 , 
1845 , 86.2251 , 0.0686192 , 40.3697 , 13.3714 , 
1846 , 86.1004 , 0.0687045 , 40.2139 , 13.4035 , 
1847 , 85.9953 , 0.0687906 , 40.0574 , 13.4357 , 
1848 , 85.9097 , 0.0688775 , 39.9002 , 13.468 , 
1849 , 85.8437 , 0.0689652 , 39.7424 , 13.5003 , 
1850 , 85.7973 , 0.0690537 , 39.584 , 13.5325 , 
1851 , 85.7704 , 0.0691429 , 39.4251 , 13.5648 , 
1852 , 85.7629 , 0.0692329 , 39.2656 , 13.597 , 
1853 , 85.7746 , 0.0693236 , 39.1056 , 13.6291 , 
1854 , 85.8051 , 0.069415 , 38.9451 , 13.6611 , 
1855 , 85.8543 , 0.0695071 , 38.7842 , 13.6929 , 
1856 , 85.9218 , 0.0695998 , 38.6229 , 13.7247 , 
1857 , 86.0076 , 0.0696932 , 38.4612 , 13.7563 , 
1858 , 86.1112 , 0.0697873 , 38.2992 , 13.7877 , 
1859 , 86.2325 , 0.0698819 , 38.1368 , 13.8189 , 
1860 , 86.3712 , 0.0699772 , 37.9742 , 13.8499 , 
1861 , 86.5271 , 0.0700731 , 37.8113 , 13.8807 , 
1862 , 86.6999 , 0.0701695 , 37.6482 , 13.9112 , 
1863 , 86.8894 , 0.0702665 , 37.4849 , 13.9414 , 
1864 , 87.0953 , 0.0703641 , 37.3215 , 13.9713 , 
1865 , 87.3173 , 0.0704622 , 37.158 , 14.001 , 
1866 , 87.5553 , 0.0705608 , 36.9944 , 14.0303 , 
1867 , 87.8089 , 0.0706599 , 36.8307 , 14.0592 , 
1868 , 88.078 , 0.0707595 , 36.6671 , 14.0878 , 
1869 , 88.3621 , 0.0708595 , 36.5034 , 14.1159 , 
1870 , 88.6611 , 0.07096 , 36.3399 , 14.1437 , 
1871 , 88.9748 , 0.0710609 , 36.1764 , 14.171 , 
1872 , 89.3028 , 0.0711622 , 36.013 , 14.1979 , 
1873 , 89.6449 , 0.0712639 , 35.8498 , 14.2243 , 
1874 , 90.0008 , 0.0713661 , 35.6868 , 14.2502 , 
1875 , 90.3703 , 0.0714685 , 35.524 , 14.2755 , 
1876 , 90.7531 , 0.0715713 , 35.3615 , 14.3004 , 
1877 , 91.1489 , 0.0716745 , 35.1993 , 14.3246 , 
1878 , 91.5575 , 0.071778 , 35.0374 , 14.3483 , 
1879 , 91.9785 , 0.0718817 , 34.8759 , 14.3714 , 
1880 , 92.4118 , 0.0719857 , 34.7148 , 14.3939 , 
1881 , 92.857 , 0.07209 , 34.5541 , 14.4157 , 
1882 , 93.3138 , 0.0721946 , 34.3939 , 14.4369 , 
1883 , 93.7821 , 0.0722993 , 34.2343 , 14.4574 , 
1884 , 94.2614 , 0.0724043 , 34.0751 , 14.4771 , 
1885 , 94.7516 , 0.0725095 , 33.9166 , 14.4962 , 
1886 , 95.2523 , 0.0726148 , 33.7587 , 14.5145 , 
1887 , 95.7633 , 0.0727203 , 33.6014 , 14.532 , 
1888 , 96.2843 , 0.072826 , 33.4449 , 14.5487 , 
1889 , 96.815 , 0.0729317 , 33.2891 , 14.5646 , 
1890 , 97.3551 , 0.0730376 , 33.134 , 14.5797 , 
1891 , 97.9043 , 0.0731435 , 32.9798 , 14.5939 , 
1892 , 98.4623 , 0.0732495 , 32.8264 , 14.6072 , 
1893 , 99.029 , 0.0733556 , 32.6739 , 14.6197 , 
1894 , 99.6038 , 0.0734616 , 32.5223 , 14.6311 , 
1895 , 100.187 , 0.0735677 , 32.3716 , 14.6417 , 
1896 , 100.777 , 0.0736738 , 32.222 , 14.6513 , 
1897 , 101.375 , 0.0737799 , 32.0734 , 14.6598 , 
1898 , 101.98 , 0.0738859 , 31.9258 , 14.6674 , 
1899 , 102.592 , 0.0739918 , 31.7794 , 14.6739 , 
1900 , 103.21 , 0.0740977 , 31.6341 , 14.6794 , 
1901 , 103.835 , 0.0742035 , 31.4901 , 14.6838 , 
1902 , 104.465 , 0.0743091 , 31.3472 , 14.6871 , 
1903 , 105.101 , 0.0744146 , 31.2055 , 14.6893 , 
1904 , 105.742 , 0.0745199 , 31.065 , 14.6904 , 
1905 , 106.387 , 0.074625 , 30.9258 , 14.6906 , 
1906 , 107.038 , 0.0747298 , 30.7878 , 14.6896 , 
1907 , 107.692 , 0.0748345 , 30.6511 , 14.6876 , 
1908 , 108.35 , 0.0749388 , 30.5157 , 14.6846 , 
1909 , 109.011 , 0.0750428 , 30.3815 , 14.6806 , 
1910 , 109.675 , 0.0751464 , 30.2487 , 14.6755 , 
1911 , 110.342 , 0.0752497 , 30.1171 , 14.6695 , 
1912 , 111.012 , 0.0753526 , 29.9869 , 14.6624 , 
1913 , 111.683 , 0.0754551 , 29.858 , 14.6543 , 
1914 , 112.355 , 0.0755571 , 29.7305 , 14.6453 , 
1915 , 113.029 , 0.0756586 , 29.6043 , 14.6352 , 
1916 , 113.704 , 0.0757597 , 29.4795 , 14.6242 , 
1917 , 114.379 , 0.0758602 , 29.356 , 14.6123 , 
1918 , 115.054 , 0.0759601 , 29.234 , 14.5993 , 
1919 , 115.729 , 0.0760594 , 29.1134 , 14.5855 , 
1920 , 116.403 , 0.0761582 , 28.9942 , 14.5707 , 
1921 , 117.076 , 0.0762562 , 28.8764 , 14.5549 , 
1922 , 117.748 , 0.0763536 , 28.76 , 14.5383 , 
1923 , 118.418 , 0.0764503 , 28.6452 , 14.5207 , 
1924 , 119.086 , 0.0765463 , 28.5318 , 14.5022 , 
1925 , 119.751 , 0.0766415 , 28.4199 , 14.4828 , 
1926 , 120.413 , 0.0767359 , 28.3095 , 14.4625 , 
1927 , 121.071 , 0.0768295 , 28.2006 , 14.4414 , 
1928 , 121.726 , 0.0769222 , 28.0932 , 14.4194 , 
1929 , 122.377 , 0.0770141 , 27.9873 , 14.3965 , 
1930 , 123.023 , 0.077105 , 27.883 , 14.3727 , 
1931 , 123.665 , 0.0771951 , 27.7803 , 14.3481 , 
1932 , 124.301 , 0.0772841 , 27.6791 , 14.3227 , 
1933 , 124.931 , 0.0773721 , 27.5796 , 14.2964 , 
1934 , 125.555 , 0.0774592 , 27.4816 , 14.2694 , 
1935 , 126.173 , 0.0775451 , 27.3852 , 14.2415 , 
1936 , 126.784 , 0.07763 , 27.2905 , 14.2128 , 
1937 , 127.387 , 0.0777138 , 27.1974 , 14.1833 , 
1938 , 127.983 , 0.0777964 , 27.106 , 14.153 , 
1939 , 128.571 , 0.0778778 , 27.0162 , 14.1219 , 
1940 , 129.15 , 0.077958 , 26.9281 , 14.0901 , 
1941 , 129.72 , 0.078037 , 26.8418 , 14.0575 , 
1942 , 130.281 , 0.0781148 , 26.7571 , 14.0242 , 
1943 , 130.832 , 0.0781912 , 26.6741 , 13.9901 , 
1944 , 131.373 , 0.0782663 , 26.5929 , 13.9553 , 
1945 , 131.903 , 0.07834 , 26.5134 , 13.9198 , 
1946 , 132.422 , 0.0784123 , 26.4357 , 13.8836 , 
1947 , 132.93 , 0.0784832 , 26.3597 , 13.8466 , 
1948 , 133.426 , 0.0785527 , 26.2856 , 13.809 , 
1949 , 133.91 , 0.0786206 , 26.2132 , 13.7706 , 
1950 , 134.381 , 0.078687 , 26.1427 , 13.7316 , 
1951 , 134.839 , 0.0787519 , 26.074 , 13.692 , 
1952 , 135.284 , 0.0788153 , 26.0071 , 13.6517 , 
1953 , 135.716 , 0.0788772 , 25.9419 , 13.6107 , 
1954 , 136.136 , 0.0789376 , 25.8785 , 13.5691 , 
1955 , 136.544 , 0.0789965 , 25.8167 , 13.5268 , 
1956 , 136.94 , 0.0790541 , 25.7567 , 13.484 , 
1957 , 137.324 , 0.0791102 , 25.6982 , 13.4405 , 
1958 , 137.697 , 0.079165 , 25.6413 , 13.3964 , 
1959 , 138.059 , 0.0792185 , 25.586 , 13.3518 , 
1960 , 138.409 , 0.0792706 , 25.5322 , 13.3066 , 
1961 , 138.749 , 0.0793214 , 25.4799 , 13.2607 , 
1962 , 139.079 , 0.079371 , 25.429 , 13.2144 , 
1963 , 139.398 , 0.0794194 , 25.3795 , 13.1675 , 
1964 , 139.707 , 0.0794666 , 25.3314 , 13.12 , 
1965 , 140.007 , 0.0795126 , 25.2846 , 13.072 , 
1966 , 140.297 , 0.0795575 , 25.2392 , 13.0235 , 
1967 , 140.578 , 0.0796012 , 25.195 , 12.9745 , 
1968 , 140.85 , 0.0796439 , 25.152 , 12.925 , 
1969 , 141.113 , 0.0796855 , 25.1102 , 12.875 , 
1970 , 141.367 , 0.0797261 , 25.0695 , 12.8245 , 
1971 , 141.614 , 0.0797657 , 25.03 , 12.7736 , 
1972 , 141.853 , 0.0798043 , 24.9915 , 12.7222 , 
1973 , 142.083 , 0.079842 , 24.9541 , 12.6703 , 
1974 , 142.307 , 0.0798787 , 24.9177 , 12.618 , 
1975 , 142.523 , 0.0799146 , 24.8822 , 12.5653 , 
1976 , 142.733 , 0.0799496 , 24.8477 , 12.5122 , 
1977 , 142.936 , 0.0799839 , 24.8141 , 12.4587 , 
1978 , 143.132 , 0.0800173 , 24.7813 , 12.4047 , 
1979 , 143.322 , 0.0800499 , 24.7493 , 12.3504 , 
1980 , 143.507 , 0.0800818 , 24.718 , 12.2957 , 
1981 , 143.686 , 0.0801131 , 24.6876 , 12.2407 , 
1982 , 143.859 , 0.0801436 , 24.6578 , 12.1853 , 
1983 , 144.028 , 0.0801735 , 24.6286 , 12.1295 , 
1984 , 144.192 , 0.0802028 , 24.6001 , 12.0735 , 
1985 , 144.351 , 0.0802315 , 24.5721 , 12.0171 , 
1986 , 144.506 , 0.0802597 , 24.5447 , 11.9604 , 
1987 , 144.657 , 0.0802873 , 24.5177 , 11.9034 , 
1988 , 144.805 , 0.0803144 , 24.4912 , 11.8461 , 
1989 , 144.949 , 0.0803411 , 24.4652 , 11.7885 , 
1990 , 145.09 , 0.0803674 , 24.4395 , 11.7307 , 
1991 , 145.228 , 0.0803933 , 24.4141 , 11.6726 , 
1992 , 145.364 , 0.0804188 , 24.389 , 11.6143 , 
1993 , 145.497 , 0.0804439 , 24.3642 , 11.5558 , 
1994 , 145.629 , 0.0804688 , 24.3396 , 11.497 , 
1995 , 145.759 , 0.0804934 , 24.3151 , 11.4381 , 
1996 , 145.887 , 0.0805178 , 24.2908 , 11.3789 , 
1997 , 146.014 , 0.080542 , 24.2665 , 11.3196 , 
1998 , 146.14 , 0.080566 , 24.2423 , 11.2601 , 
1999 , 146.266 , 0.0805898 , 24.2181 , 11.2004 , 
2000 , 146.392 , 0.0806136 , 24.1939 , 11.1406 , 
